# ************************************************************
# Sequel Pro SQL dump
# Version 4541
#
# http://www.sequelpro.com/
# https://github.com/sequelpro/sequelpro
#
# Host: localhost (MySQL 5.1.73)
# Database: tecdoc
# Generation Time: 2016-04-06 07:46:35 +0000
# ************************************************************


/*!40101 SET @OLD_CHARACTER_SET_CLIENT=@@CHARACTER_SET_CLIENT */;
/*!40101 SET @OLD_CHARACTER_SET_RESULTS=@@CHARACTER_SET_RESULTS */;
/*!40101 SET @OLD_COLLATION_CONNECTION=@@COLLATION_CONNECTION */;
/*!40101 SET NAMES utf8 */;
/*!40014 SET @OLD_FOREIGN_KEY_CHECKS=@@FOREIGN_KEY_CHECKS, FOREIGN_KEY_CHECKS=0 */;
/*!40101 SET @OLD_SQL_MODE=@@SQL_MODE, SQL_MODE='NO_AUTO_VALUE_ON_ZERO' */;
/*!40111 SET @OLD_SQL_NOTES=@@SQL_NOTES, SQL_NOTES=0 */;


# Dump of table TOF_ARTICLE_CRITERIA
# ------------------------------------------------------------

DROP TABLE IF EXISTS `TOF_ARTICLE_CRITERIA`;

CREATE TABLE `TOF_ARTICLE_CRITERIA` (
  `ACR_ART_ID` int(11) NOT NULL DEFAULT '0',
  `ACR_GA_ID` int(11) NOT NULL DEFAULT '0',
  `ACR_SORT` smallint(6) NOT NULL DEFAULT '0',
  `ACR_CRI_ID` smallint(6) DEFAULT NULL,
  `ACR_VALUE` varchar(60) DEFAULT 'NULL',
  `ACR_KV_DES_ID` int(11) DEFAULT NULL,
  `ACR_CTM` text,
  `ACR_DISPLAY` smallint(6) DEFAULT NULL,
  PRIMARY KEY (`ACR_ART_ID`,`ACR_GA_ID`,`ACR_SORT`)
) ENGINE=MyISAM DEFAULT CHARSET=latin1;

LOCK TABLES `TOF_ARTICLE_CRITERIA` WRITE;
/*!40000 ALTER TABLE `TOF_ARTICLE_CRITERIA` DISABLE KEYS */;

INSERT INTO `TOF_ARTICLE_CRITERIA` (`ACR_ART_ID`, `ACR_GA_ID`, `ACR_SORT`, `ACR_CRI_ID`, `ACR_VALUE`, `ACR_KV_DES_ID`, `ACR_CTM`, `ACR_DISPLAY`)
VALUES
	(2501440,402,1,122,'TRW',NULL,'0b1111111111111111111111111111111111111111111111111111111111111111111111111111111111111111111111111111111111111111111111111111111111111111111111111111111111111111111111111111111111111111111111111111111111111111111111111111111111111111111111111111111111100000',1),
	(2501440,402,2,203,'87',NULL,'0b1111111111111111111111111111111111111111111111111111111111111111111111111111111111111111111111111111111111111111111111111111111111111111111111111111111111111111111111111111111111111111111111111111111111111111111111111111111111111111111111111111111111100000',1),
	(2501440,402,3,209,'52,9',NULL,'0b1111111111111111111111111111111111111111111111111111111111111111111111111111111111111111111111111111111111111111111111111111111111111111111111111111111111111111111111111111111111111111111111111111111111111111111111111111111111111111111111111111111111100000',1),
	(2501440,402,4,124,'17',NULL,'0b1111111111111111111111111111111111111111111111111111111111111111111111111111111111111111111111111111111111111111111111111111111111111111111111111111111111111111111111111111111111111111111111111111111111111111111111111111111111111111111111111111111111100000',1),
	(2501440,402,5,593,NULL,97727,'0b1111111111111111111111111111111111111111111111111111111111111111111111111111111111111111111111111111111111111111111111111111111111111111111111111111111111111111111111111111111111111111111111111111111111111111111111111111111111111111111111111111111111100000',1),
	(2501440,402,6,596,NULL,14860,'0b1111111111111111111111111111111111111111111111111111111111111111111111111111111111111111111111111111111111111111111111111111111111111111111111111111111111111111111111111111111111111111111111111111111111111111111111111111111111111111111111111111111111100000',1),
	(2501440,402,7,836,NULL,97907,'0b1111111111111111111111111111111111111111111111111111111111111111111111111111111111111111111111111111111111111111111111111111111111111111111111111111111111111111111111111111111111111111111111111111111111111111111111111111111111111111111111111111111111100000',1),
	(2501440,402,8,608,NULL,31824,'0b1111111111111111111111111111111111111111111111111111111111111111111111111111111111111111111111111111111111111111111111111111111111111111111111111111111111111111111111111111111111111111111111111111111111111111111111111111111111111111111111111111111111100000',1),
	(2501440,402,9,608,NULL,31823,'0b1111111111111111111111111111111111111111111111111111111111111111111111111111111111111111111111111111111111111111111111111111111111111111111111111111111111111111111111111111111111111111111111111111111111111111111111111111111111111111111111111111111111100000',1),
	(2501440,402,10,190,'E9 90R - 01120/457',NULL,'0b1111111111111111111111111111111111111111111111111111111111111111111111111111111111111111111111111111111111111111111111111111111111111111111111111111111111111111111111111111111111111111111111111111111111111111111111111111111111111111111111111111111111100000',1);

/*!40000 ALTER TABLE `TOF_ARTICLE_CRITERIA` ENABLE KEYS */;
UNLOCK TABLES;


# Dump of table TOF_ARTICLES
# ------------------------------------------------------------

DROP TABLE IF EXISTS `TOF_ARTICLES`;

CREATE TABLE `TOF_ARTICLES` (
  `ART_ID` int(11) NOT NULL DEFAULT '0',
  `ART_ARTICLE_NR` varchar(66) NOT NULL DEFAULT 'NULL',
  `ART_SUP_ID` smallint(6) DEFAULT NULL,
  `ART_DES_ID` int(11) DEFAULT NULL,
  `ART_COMPLETE_DES_ID` int(11) DEFAULT NULL,
  `ART_CTM` text,
  `ART_PACK_SELFSERVICE` smallint(6) DEFAULT NULL,
  `ART_MATERIAL_MARK` smallint(6) DEFAULT NULL,
  `ART_REPLACEMENT` smallint(6) DEFAULT NULL,
  `ART_ACCESSORY` smallint(6) DEFAULT NULL,
  `ART_BATCH_SIZE1` int(11) DEFAULT NULL,
  `ART_BATCH_SIZE2` int(11) DEFAULT NULL,
  PRIMARY KEY (`ART_ID`)
) ENGINE=MyISAM DEFAULT CHARSET=latin1;

LOCK TABLES `TOF_ARTICLES` WRITE;
/*!40000 ALTER TABLE `TOF_ARTICLES` DISABLE KEYS */;

INSERT INTO `TOF_ARTICLES` (`ART_ID`, `ART_ARTICLE_NR`, `ART_SUP_ID`, `ART_DES_ID`, `ART_COMPLETE_DES_ID`, `ART_CTM`, `ART_PACK_SELFSERVICE`, `ART_MATERIAL_MARK`, `ART_REPLACEMENT`, `ART_ACCESSORY`, `ART_BATCH_SIZE1`, `ART_BATCH_SIZE2`)
VALUES
	(2501440,'GDB1330',833,108472,14120,'0b1111111111111111111111111111111111111111111111111111111111111111111111111111111111111111111111111111111111111111111111111111111111111111111111111111111111111111111111111111111111111111111111111111111111111111111111111111111111111111111111111111111111100000',0,0,0,0,NULL,NULL);

/*!40000 ALTER TABLE `TOF_ARTICLES` ENABLE KEYS */;
UNLOCK TABLES;


# Dump of table TOF_CRITERIA
# ------------------------------------------------------------

DROP TABLE IF EXISTS `TOF_CRITERIA`;

CREATE TABLE `TOF_CRITERIA` (
  `CRI_ID` smallint(6) NOT NULL DEFAULT '0',
  `CRI_DES_ID` int(11) DEFAULT NULL,
  `CRI_SHORT_DES_ID` int(11) DEFAULT NULL,
  `CRI_UNIT_DES_ID` int(11) DEFAULT NULL,
  `CRI_TYPE` char(1) DEFAULT NULL,
  `CRI_KT_ID` smallint(6) DEFAULT NULL,
  `CRI_IS_INTERVAL` smallint(6) DEFAULT NULL,
  `CRI_SUCCESSOR` smallint(6) DEFAULT NULL,
  PRIMARY KEY (`CRI_ID`)
) ENGINE=MyISAM DEFAULT CHARSET=latin1;

LOCK TABLES `TOF_CRITERIA` WRITE;
/*!40000 ALTER TABLE `TOF_CRITERIA` DISABLE KEYS */;

INSERT INTO `TOF_CRITERIA` (`CRI_ID`, `CRI_DES_ID`, `CRI_SHORT_DES_ID`, `CRI_UNIT_DES_ID`, `CRI_TYPE`, `CRI_KT_ID`, `CRI_IS_INTERVAL`, `CRI_SUCCESSOR`)
VALUES
	(1,79530,63214,NULL,'A',NULL,0,NULL),
	(2,62997,129665,NULL,'N',NULL,0,NULL),
	(3,96373,113131,NULL,'A',NULL,0,NULL),
	(4,129414,29863,113238,'N',NULL,0,NULL),
	(5,129477,96521,NULL,'A',NULL,0,NULL),
	(6,62940,113079,113259,'N',NULL,0,NULL),
	(7,113011,96587,NULL,'N',NULL,0,NULL),
	(8,13456,63158,NULL,'V',NULL,0,NULL),
	(14,79577,29888,NULL,'N',NULL,0,NULL),
	(15,129412,63154,NULL,'B',NULL,0,NULL),
	(16,96358,13667,NULL,'N',NULL,0,NULL),
	(17,62963,79730,NULL,'A',NULL,0,NULL),
	(19,46577,29951,NULL,'N',NULL,0,NULL),
	(20,62931,46663,NULL,'D',NULL,1,21),
	(21,29683,79722,NULL,'D',NULL,1,NULL),
	(22,29682,46664,NULL,'D',NULL,0,NULL),
	(25,96311,13615,NULL,'A',NULL,1,26),
	(26,46454,96468,NULL,'A',NULL,1,NULL),
	(27,29686,113070,NULL,'A',NULL,0,NULL),
	(30,29680,63153,NULL,'A',NULL,1,31),
	(31,29684,113069,NULL,'A',NULL,1,NULL),
	(33,62936,63152,NULL,'A',NULL,0,NULL),
	(35,129406,29862,NULL,'A',NULL,1,36),
	(36,62933,113068,NULL,'A',NULL,1,NULL),
	(37,96316,129591,NULL,'A',NULL,0,NULL),
	(38,46461,29861,NULL,'A',NULL,0,NULL),
	(39,62934,129590,63327,'N',NULL,0,NULL),
	(40,46460,NULL,NULL,'K',85,0,NULL),
	(42,112958,79758,NULL,'A',NULL,1,43),
	(43,63027,129664,NULL,'A',NULL,1,NULL),
	(44,46532,63215,NULL,'A',NULL,0,NULL),
	(45,46452,29859,NULL,'A',NULL,1,46),
	(46,46455,96467,NULL,'A',NULL,1,NULL),
	(47,13460,96518,NULL,'A',NULL,0,NULL),
	(48,113000,13703,NULL,'A',NULL,0,NULL),
	(49,29691,13626,NULL,'A',NULL,0,NULL),
	(50,13464,63161,NULL,'A',NULL,0,NULL),
	(51,96322,13628,NULL,'A',NULL,1,52),
	(52,96323,129598,NULL,'A',NULL,1,NULL),
	(53,46473,129663,63355,'A',NULL,0,NULL),
	(60,46464,129589,113237,'N',NULL,0,NULL),
	(61,62938,63149,113236,'N',NULL,0,NULL),
	(62,129416,129588,113235,'N',NULL,0,NULL),
	(63,96321,113076,63338,'N',NULL,0,NULL),
	(64,13462,46659,13780,'N',NULL,0,NULL),
	(65,62939,63155,NULL,'A',NULL,0,NULL),
	(66,96315,13616,113239,'N',NULL,0,NULL),
	(67,29747,79753,63328,'N',NULL,0,NULL),
	(68,46453,63257,113240,'N',NULL,0,NULL),
	(70,79532,13617,113241,'N',NULL,0,NULL),
	(71,96319,79755,NULL,'A',NULL,0,NULL),
	(72,112892,46651,63329,'N',NULL,0,NULL),
	(73,129410,79743,63330,'N',NULL,0,NULL),
	(74,112893,13618,96633,'N',NULL,0,NULL),
	(75,62941,96567,46836,'N',NULL,0,NULL),
	(76,129462,13627,129778,'N',NULL,0,NULL),
	(77,129485,96530,NULL,'A',NULL,0,NULL),
	(78,79536,29967,30017,'A',NULL,0,NULL),
	(90,112891,13619,NULL,'A',NULL,0,NULL),
	(91,62935,46652,NULL,'A',NULL,0,NULL),
	(92,29689,113071,NULL,'A',NULL,0,NULL),
	(100,129409,29902,NULL,'K',90,0,NULL),
	(101,112896,NULL,NULL,'K',91,0,NULL),
	(105,129407,NULL,NULL,'K',93,0,NULL),
	(107,112895,63184,NULL,'A',NULL,0,NULL),
	(108,46463,113072,96634,'N',NULL,0,NULL),
	(112,96320,46657,NULL,'K',82,0,NULL),
	(113,79537,79802,129757,'N',NULL,0,NULL),
	(115,129417,46717,30018,'N',NULL,0,NULL),
	(119,13469,96476,NULL,'A',NULL,0,NULL),
	(120,62937,113078,NULL,'A',NULL,0,NULL),
	(121,29681,113073,NULL,'A',NULL,0,NULL),
	(122,96317,79756,NULL,'A',NULL,0,NULL),
	(123,112890,113074,NULL,'A',NULL,0,NULL),
	(124,46457,63261,13776,'N',NULL,0,NULL),
	(130,96379,29908,NULL,'A',NULL,0,NULL),
	(131,13470,NULL,NULL,'K',86,0,NULL),
	(132,79545,46667,NULL,'A',NULL,0,NULL),
	(136,79552,NULL,NULL,'K',102,0,NULL),
	(137,96335,NULL,NULL,'K',103,0,NULL),
	(138,79553,NULL,NULL,'K',104,0,NULL),
	(139,29700,NULL,NULL,'K',108,0,NULL),
	(140,129424,129611,96642,'A',NULL,0,NULL),
	(141,29698,46676,NULL,'A',NULL,0,NULL),
	(144,13479,113092,NULL,'A',NULL,1,145),
	(145,13480,46677,NULL,'A',NULL,1,NULL),
	(146,112908,29877,NULL,'A',NULL,0,NULL),
	(190,79538,129599,NULL,'A',NULL,0,NULL),
	(191,79539,96473,129758,'A',NULL,0,NULL),
	(192,112900,96474,63339,'N',NULL,0,NULL),
	(193,79540,46661,113246,'N',NULL,0,NULL),
	(197,79584,79738,NULL,'A',NULL,0,NULL),
	(198,29694,29873,30019,'A',NULL,0,NULL),
	(199,46459,63156,63331,'A',NULL,0,NULL),
	(200,129408,79715,113242,'N',NULL,0,NULL),
	(201,13459,129593,63332,'N',NULL,0,NULL),
	(202,46458,113075,46838,'A',NULL,0,NULL),
	(203,112894,29864,46834,'N',NULL,0,NULL),
	(204,96318,46653,113243,'N',NULL,0,NULL),
	(205,79531,79716,129755,'N',NULL,0,NULL),
	(206,96313,96470,96635,'N',NULL,0,NULL),
	(207,96312,29865,13777,'N',NULL,0,NULL),
	(208,13457,46654,63333,'A',NULL,0,NULL),
	(209,129411,79717,96636,'N',NULL,0,NULL),
	(210,29688,96471,13778,'N',NULL,0,NULL),
	(211,46462,13620,46835,'N',NULL,0,NULL),
	(212,29687,129704,79866,'N',NULL,0,NULL),
	(213,62932,96565,30015,'A',NULL,0,NULL),
	(215,79533,129594,79867,'N',NULL,0,NULL),
	(216,29690,13621,113244,'N',NULL,0,NULL),
	(217,79544,29871,63340,'N',NULL,0,NULL),
	(218,46472,96479,46842,'N',NULL,0,NULL),
	(219,13473,29903,96640,'N',NULL,0,NULL),
	(220,79619,13685,79868,'N',NULL,0,NULL),
	(221,46561,13686,63341,'N',NULL,0,NULL),
	(225,79549,13634,NULL,'A',NULL,0,NULL),
	(226,46474,79863,NULL,'A',NULL,0,NULL),
	(227,13474,113083,NULL,'N',NULL,0,NULL),
	(230,13458,NULL,63334,'N',NULL,0,NULL),
	(231,29685,NULL,13779,'N',NULL,0,NULL),
	(232,46456,13691,NULL,'K',92,0,NULL),
	(233,96314,NULL,NULL,'K',83,0,NULL),
	(240,79534,13623,113245,'N',NULL,0,NULL),
	(241,112897,79718,63335,'N',NULL,0,NULL),
	(242,13461,129596,63336,'N',NULL,0,NULL),
	(243,112898,46656,96637,'N',NULL,0,NULL),
	(244,112899,13625,30016,'N',NULL,0,NULL),
	(245,62942,129597,46837,'N',NULL,0,NULL),
	(246,79535,63157,63337,'N',NULL,0,NULL),
	(247,62943,129595,129756,'N',NULL,0,NULL),
	(249,46465,13715,NULL,'N',NULL,0,NULL),
	(251,62944,63159,46839,'N',NULL,0,NULL),
	(262,46466,129661,NULL,'K',94,0,NULL),
	(264,13465,96575,129759,'N',NULL,0,NULL),
	(265,62945,29955,113247,'N',NULL,0,NULL),
	(266,112901,129601,NULL,'A',NULL,0,NULL),
	(268,46467,129600,NULL,'A',NULL,0,NULL),
	(269,79541,96475,NULL,'A',NULL,0,NULL),
	(272,62946,79719,NULL,'A',NULL,0,NULL),
	(273,62947,13630,NULL,'K',95,0,NULL),
	(274,13466,79769,113248,'N',NULL,0,NULL),
	(275,63106,79720,96638,'N',NULL,0,NULL),
	(276,13467,113080,NULL,'A',NULL,0,NULL),
	(278,62948,79721,NULL,'N',NULL,0,NULL),
	(279,13468,63163,NULL,'N',NULL,0,NULL),
	(280,112902,29868,NULL,'N',NULL,0,NULL),
	(285,46468,NULL,NULL,'K',89,0,NULL),
	(286,62949,79723,NULL,'A',NULL,0,NULL),
	(287,13471,96477,NULL,'N',NULL,0,NULL),
	(289,96324,63164,NULL,'A',NULL,0,NULL),
	(290,129418,63165,96639,'N',NULL,0,NULL),
	(291,46469,63166,NULL,'A',NULL,0,NULL),
	(292,129419,63167,NULL,'N',NULL,0,NULL),
	(293,79543,129603,NULL,'N',NULL,0,NULL),
	(294,129420,46665,NULL,'N',NULL,0,NULL),
	(295,112903,129604,NULL,'N',NULL,0,NULL),
	(296,29692,79724,NULL,'N',NULL,0,NULL),
	(297,46470,29870,46841,'N',NULL,0,NULL),
	(299,62950,13631,NULL,'N',NULL,0,NULL),
	(302,13472,13632,NULL,'A',NULL,1,303),
	(303,29693,96478,NULL,'A',NULL,1,NULL),
	(312,46471,129606,13781,'N',NULL,0,NULL),
	(314,62951,113081,13787,'N',NULL,0,NULL),
	(322,62952,96480,96645,'N',NULL,0,NULL),
	(324,63007,13633,129778,'N',NULL,0,NULL),
	(325,79546,113082,NULL,'N',NULL,0,NULL),
	(328,79547,79725,113253,'N',NULL,0,NULL),
	(329,79603,29968,113235,'N',NULL,0,NULL),
	(330,62953,63168,113235,'N',NULL,0,NULL),
	(331,63107,46746,113235,'N',NULL,0,NULL),
	(332,113027,96542,113235,'N',NULL,0,NULL),
	(333,79548,46670,NULL,'A',NULL,0,NULL),
	(339,46476,96580,63342,'N',NULL,0,NULL),
	(340,13476,96581,79869,'N',NULL,0,NULL),
	(341,112904,46772,129760,'N',NULL,0,NULL),
	(342,79550,63267,113249,'N',NULL,0,NULL),
	(343,29695,13705,13782,'N',NULL,0,NULL),
	(344,96327,113177,113250,'N',NULL,0,NULL),
	(345,129501,29935,113251,'A',NULL,0,NULL),
	(346,13477,13706,13783,'N',NULL,0,NULL),
	(355,112905,63170,NULL,'N',NULL,0,NULL),
	(356,62954,113088,129761,'N',NULL,0,NULL),
	(357,62955,63171,46843,'N',NULL,0,NULL),
	(360,129545,46673,113235,'N',NULL,0,NULL),
	(373,129421,13635,46844,'N',NULL,0,NULL),
	(374,129422,79727,63343,'N',NULL,0,NULL),
	(375,13478,29874,96641,'N',NULL,0,NULL),
	(378,129423,46674,13784,'N',NULL,0,NULL),
	(385,112907,129609,NULL,'A',NULL,0,NULL),
	(387,29697,129610,NULL,'A',NULL,0,NULL),
	(388,46477,29875,NULL,'K',100,0,NULL),
	(392,46478,113089,113252,'A',NULL,0,NULL),
	(394,96328,113090,63355,'A',NULL,0,NULL),
	(395,46479,79728,129762,'A',NULL,0,NULL),
	(396,62956,113091,129763,'A',NULL,0,NULL),
	(397,46480,29876,63344,'A',NULL,0,NULL),
	(398,46481,46675,46845,'A',NULL,0,NULL),
	(400,112909,46678,46846,'A',NULL,0,NULL),
	(401,96329,129612,129764,'A',NULL,0,NULL),
	(402,96330,29878,96643,'A',NULL,0,NULL),
	(403,62957,29879,13785,'A',NULL,0,NULL),
	(404,112910,113093,30020,'A',NULL,0,NULL),
	(405,62958,13636,NULL,'A',NULL,0,NULL),
	(406,62959,96482,79870,'A',NULL,0,NULL),
	(410,46482,46679,NULL,'A',NULL,0,NULL),
	(411,46483,96483,129765,'A',NULL,0,NULL),
	(412,112911,29976,NULL,'A',NULL,0,NULL),
	(414,29699,46680,30021,'A',NULL,0,NULL),
	(416,46484,129613,30022,'A',NULL,0,NULL),
	(417,129425,129614,96644,'N',NULL,0,NULL),
	(419,96331,29977,NULL,'A',NULL,0,NULL),
	(420,62961,63172,129766,'A',NULL,0,NULL),
	(423,79582,79729,129778,'N',NULL,0,NULL),
	(424,46485,129615,13786,'A',NULL,0,NULL),
	(425,62962,63173,129767,'A',NULL,0,NULL),
	(426,96332,96485,30023,'A',NULL,0,NULL),
	(427,112912,63174,NULL,'A',NULL,0,NULL),
	(430,79551,46681,79872,'A',NULL,0,NULL),
	(431,129426,13727,79873,'N',NULL,0,NULL),
	(432,96333,46694,46847,'A',NULL,0,NULL),
	(433,96334,46695,30024,'A',NULL,0,NULL),
	(436,129427,NULL,NULL,'K',101,0,NULL),
	(437,13481,NULL,NULL,'K',105,0,NULL),
	(438,13482,NULL,NULL,'K',106,0,NULL),
	(439,62964,NULL,NULL,'K',107,0,NULL),
	(445,29701,NULL,NULL,'K',88,0,NULL),
	(446,29702,NULL,NULL,'K',109,0,NULL),
	(447,112913,NULL,79874,'N',NULL,0,NULL),
	(448,96336,96582,NULL,'N',NULL,0,NULL),
	(450,29703,NULL,NULL,'K',110,0,NULL),
	(451,46486,79739,NULL,'A',NULL,0,NULL),
	(453,96337,79731,NULL,'N',NULL,0,NULL),
	(454,79656,46682,NULL,'A',NULL,0,NULL),
	(458,112914,13638,NULL,'A',NULL,0,NULL),
	(459,13483,NULL,NULL,'K',84,0,NULL),
	(465,46487,NULL,NULL,'K',66,0,NULL),
	(467,112915,15993,NULL,'K',111,0,NULL),
	(468,46488,NULL,NULL,'K',112,0,NULL),
	(475,29705,NULL,NULL,'K',114,0,NULL),
	(476,13484,NULL,NULL,'K',115,0,NULL),
	(477,79554,46683,129768,'A',NULL,0,NULL),
	(489,29706,NULL,NULL,'K',97,0,NULL),
	(490,13485,129719,NULL,'N',NULL,0,NULL),
	(491,129429,63175,NULL,'A',NULL,0,NULL),
	(492,62965,NULL,NULL,'K',99,0,NULL),
	(494,13486,NULL,NULL,'K',116,0,NULL),
	(495,96338,NULL,113254,'N',NULL,0,NULL),
	(496,96359,46756,96646,'N',NULL,0,NULL),
	(497,96360,29942,79875,'N',NULL,0,NULL),
	(499,62966,NULL,NULL,'K',117,0,NULL),
	(500,46489,13639,NULL,'N',NULL,0,NULL),
	(501,129512,63268,63345,'N',NULL,0,NULL),
	(508,13487,96578,NULL,'A',NULL,0,NULL),
	(510,79673,96488,113235,'N',NULL,0,NULL),
	(513,63015,96489,129769,'A',NULL,0,NULL),
	(514,129430,NULL,NULL,'K',118,0,NULL),
	(515,112916,NULL,79879,'N',NULL,0,NULL),
	(517,29708,129617,NULL,'A',NULL,0,NULL),
	(518,46545,NULL,NULL,'K',119,0,NULL),
	(519,112917,13726,NULL,'K',63,0,NULL),
	(520,96447,63178,NULL,'A',NULL,0,NULL),
	(522,129431,129618,79876,'N',NULL,0,NULL),
	(523,62967,46685,NULL,'A',NULL,0,NULL),
	(524,129517,79733,30025,'N',NULL,0,NULL),
	(525,112944,63179,46848,'N',NULL,0,NULL),
	(526,13512,13640,46849,'N',NULL,0,NULL),
	(527,96441,79734,46850,'N',NULL,0,NULL),
	(528,79557,113095,63346,'A',NULL,0,NULL),
	(531,13488,13641,NULL,'A',NULL,0,NULL),
	(532,129432,NULL,NULL,'K',120,0,NULL),
	(533,46490,NULL,NULL,'K',121,0,NULL),
	(534,29709,NULL,NULL,'K',122,0,NULL),
	(535,13489,NULL,NULL,'K',123,0,NULL),
	(537,46491,NULL,NULL,'K',124,0,NULL),
	(538,79558,NULL,NULL,'K',77,0,NULL),
	(539,62969,63180,46851,'A',NULL,1,540),
	(540,13490,46686,113255,'A',NULL,1,NULL),
	(543,79559,NULL,NULL,'K',125,0,NULL),
	(544,96340,79797,30026,'A',NULL,0,NULL),
	(545,13491,NULL,NULL,'K',126,0,NULL),
	(546,96397,13687,30027,'N',NULL,0,NULL),
	(547,29711,63274,129770,'A',NULL,0,NULL),
	(551,112918,129638,NULL,'K',127,0,NULL),
	(552,62970,96492,NULL,'A',NULL,0,NULL),
	(553,129433,NULL,NULL,'K',128,0,NULL),
	(557,46492,113097,NULL,'A',NULL,0,NULL),
	(558,62971,129619,NULL,'A',NULL,0,NULL),
	(559,96357,96506,63347,'N',NULL,0,NULL),
	(560,112979,96546,30028,'N',NULL,0,NULL),
	(561,62972,63182,NULL,'N',NULL,0,NULL),
	(562,62973,129620,NULL,'A',NULL,0,NULL),
	(563,13492,79780,NULL,'A',NULL,0,NULL),
	(564,129434,NULL,NULL,'K',62,0,NULL),
	(565,29712,NULL,NULL,'K',129,0,NULL),
	(566,129435,NULL,NULL,'K',130,0,NULL),
	(567,13493,NULL,NULL,'K',131,0,NULL),
	(568,62974,NULL,NULL,'K',93,0,NULL),
	(569,96341,NULL,NULL,'K',132,0,NULL),
	(570,112919,NULL,NULL,'K',133,0,NULL),
	(571,29713,NULL,NULL,'K',134,0,NULL),
	(572,13494,NULL,NULL,'K',135,0,NULL),
	(573,62975,NULL,NULL,'K',2,0,NULL),
	(574,79560,NULL,NULL,'K',3,0,NULL),
	(575,112920,NULL,NULL,'K',4,0,NULL),
	(576,79561,NULL,NULL,'K',5,0,NULL),
	(577,112921,129621,NULL,'V',NULL,0,NULL),
	(578,62976,113098,NULL,'V',NULL,0,NULL),
	(580,62977,79735,NULL,'V',NULL,0,NULL),
	(581,96342,129622,NULL,'V',NULL,0,NULL),
	(582,46494,79736,NULL,'V',NULL,0,NULL),
	(583,112922,13642,NULL,'V',NULL,0,NULL),
	(584,62978,46687,NULL,'V',NULL,0,NULL),
	(585,79670,129723,NULL,'V',NULL,0,NULL),
	(586,112923,129722,NULL,'V',NULL,0,NULL),
	(587,79562,46688,NULL,'V',NULL,0,NULL),
	(588,62980,79737,NULL,'V',NULL,0,NULL),
	(590,62981,113101,NULL,'V',NULL,0,NULL),
	(591,62982,29881,NULL,'V',NULL,0,NULL),
	(592,29714,NULL,NULL,'K',6,0,NULL),
	(593,46495,NULL,NULL,'K',7,0,NULL),
	(594,96343,NULL,NULL,'K',8,0,NULL),
	(595,96344,NULL,NULL,'K',9,0,NULL),
	(596,96400,NULL,NULL,'K',10,0,NULL),
	(597,112924,46689,63348,'N',NULL,0,NULL),
	(598,79564,NULL,NULL,'K',11,0,NULL),
	(599,13496,NULL,NULL,'K',12,0,NULL),
	(600,29715,NULL,NULL,'K',13,0,NULL),
	(601,79565,NULL,NULL,'K',14,0,NULL),
	(602,112925,NULL,NULL,'K',15,0,NULL),
	(603,62983,NULL,NULL,'K',16,0,NULL),
	(604,129436,NULL,NULL,'K',17,0,NULL),
	(605,62984,NULL,NULL,'K',18,0,NULL),
	(606,46496,NULL,NULL,'K',19,0,NULL),
	(607,62985,NULL,NULL,'K',20,0,NULL),
	(608,29716,NULL,NULL,'K',21,0,NULL),
	(609,112926,NULL,NULL,'K',22,0,NULL),
	(610,112927,NULL,NULL,'K',23,0,NULL),
	(611,29717,NULL,NULL,'K',24,0,NULL),
	(612,112928,113102,NULL,'V',NULL,0,NULL),
	(613,129437,46690,NULL,'V',NULL,0,NULL),
	(614,62986,96494,NULL,'V',NULL,0,NULL),
	(615,129438,46691,NULL,'V',NULL,0,NULL),
	(616,112929,129624,NULL,'V',NULL,0,NULL),
	(617,46497,46692,NULL,'V',NULL,0,NULL),
	(618,79566,46693,NULL,'V',NULL,0,NULL),
	(619,46498,129625,NULL,'V',NULL,0,NULL),
	(620,79567,NULL,NULL,'K',25,0,NULL),
	(621,129439,63183,NULL,'V',NULL,0,NULL),
	(622,129440,NULL,NULL,'K',26,0,NULL),
	(623,112930,NULL,NULL,'K',28,0,NULL),
	(624,112931,NULL,NULL,'K',29,0,NULL),
	(625,62987,NULL,NULL,'K',30,0,NULL),
	(626,29718,NULL,NULL,'K',31,0,NULL),
	(627,129441,NULL,NULL,'K',32,0,NULL),
	(628,96345,NULL,NULL,'K',33,0,NULL),
	(629,79568,NULL,NULL,'K',34,0,NULL),
	(630,29719,NULL,NULL,'K',35,0,NULL),
	(631,112932,NULL,NULL,'K',33,0,NULL),
	(632,96346,96495,NULL,'V',NULL,0,NULL),
	(633,129442,NULL,NULL,'K',27,0,NULL),
	(634,79569,113103,129771,'N',NULL,0,NULL),
	(635,129443,46696,129772,'N',NULL,0,NULL),
	(636,62988,NULL,30029,'N',NULL,0,NULL),
	(637,46499,NULL,NULL,'K',36,0,NULL),
	(638,62989,NULL,63349,'N',NULL,0,NULL),
	(639,129444,96496,13788,'N',NULL,0,NULL),
	(640,62990,96497,96647,'N',NULL,0,NULL),
	(641,46500,129626,30030,'N',NULL,0,NULL),
	(642,62991,13643,63350,'N',NULL,0,NULL),
	(643,129445,96558,NULL,'N',NULL,0,NULL),
	(644,29720,NULL,NULL,'K',37,0,NULL),
	(645,129446,63185,13789,'N',NULL,0,NULL),
	(646,13497,113176,96648,'N',NULL,0,NULL),
	(647,112933,29964,113256,'N',NULL,0,NULL),
	(648,13498,NULL,NULL,'K',136,0,NULL),
	(649,46501,96566,NULL,'A',NULL,0,NULL),
	(650,79570,63188,13790,'N',NULL,0,NULL),
	(651,29721,79816,NULL,'A',NULL,0,NULL),
	(652,112934,129627,NULL,'A',NULL,0,NULL),
	(653,79571,29882,NULL,'A',NULL,0,NULL),
	(654,96347,63189,NULL,'A',NULL,0,NULL),
	(655,13499,63190,129773,'N',NULL,0,NULL),
	(656,13500,129628,NULL,'K',39,0,NULL),
	(657,13501,113105,NULL,'K',40,0,NULL),
	(658,129447,46699,NULL,'K',41,0,NULL),
	(659,46536,79765,NULL,'K',42,0,NULL),
	(660,96348,13644,NULL,'K',43,0,NULL),
	(661,13502,NULL,NULL,'K',44,0,NULL),
	(662,129448,29883,NULL,'A',NULL,0,NULL),
	(663,13558,63252,NULL,'K',112,0,NULL),
	(664,129514,29944,NULL,'K',112,0,NULL),
	(665,63067,29945,NULL,'K',112,0,NULL),
	(666,79629,63251,NULL,'K',107,0,NULL),
	(667,79572,129630,NULL,'A',NULL,1,668),
	(668,13504,96499,NULL,'A',NULL,1,NULL),
	(669,29722,129631,NULL,'A',NULL,0,NULL),
	(670,46504,113108,96649,'N',NULL,0,NULL),
	(671,46505,46700,46852,'N',NULL,0,NULL),
	(672,46506,63191,46853,'N',NULL,0,NULL),
	(673,29723,NULL,NULL,'K',45,0,NULL),
	(674,13505,63192,NULL,'K',79,0,NULL),
	(675,13506,NULL,NULL,'K',46,0,NULL),
	(676,13507,63193,NULL,'A',NULL,0,NULL),
	(677,62993,NULL,NULL,'K',47,0,NULL),
	(678,62994,113109,NULL,'A',NULL,0,NULL),
	(679,29724,46701,NULL,'V',NULL,0,NULL),
	(680,79573,NULL,NULL,'K',71,0,NULL),
	(681,96349,NULL,NULL,'K',48,0,NULL),
	(682,96350,NULL,NULL,'K',38,0,NULL),
	(683,29790,129704,30031,'N',NULL,0,NULL),
	(684,96351,129632,13791,'N',NULL,0,NULL),
	(685,46550,63194,113257,'N',NULL,0,NULL),
	(686,46507,NULL,129774,'N',NULL,0,NULL),
	(687,96352,46702,113258,'N',NULL,0,NULL),
	(688,13508,29885,96650,'N',NULL,0,NULL),
	(689,29725,96500,30032,'N',NULL,1,690),
	(690,79574,96501,79877,'N',NULL,1,NULL),
	(691,96353,79740,NULL,'K',122,0,NULL),
	(692,29726,113173,13792,'N',NULL,0,NULL),
	(693,46508,113173,46854,'N',NULL,0,NULL),
	(694,129449,113173,96651,'N',NULL,0,NULL),
	(695,46509,129705,13793,'N',NULL,0,NULL),
	(696,79575,129705,46855,'N',NULL,0,NULL),
	(697,129450,129705,13794,'N',NULL,0,NULL),
	(698,112936,13646,30033,'N',NULL,0,NULL),
	(699,129451,46704,63351,'N',NULL,0,NULL),
	(700,112937,79741,NULL,'A',NULL,0,NULL),
	(701,46510,NULL,NULL,'K',50,0,NULL),
	(702,112938,NULL,NULL,'K',49,0,NULL),
	(703,29727,96503,NULL,'A',NULL,0,NULL),
	(704,13509,113110,NULL,'A',NULL,0,NULL),
	(705,29728,96504,129775,'A',NULL,0,NULL),
	(706,46511,113111,NULL,'A',NULL,0,NULL),
	(707,63110,63197,96652,'N',NULL,0,NULL),
	(708,46512,46705,NULL,'V',NULL,0,NULL),
	(709,13510,129635,79878,'N',NULL,0,NULL),
	(710,62995,79742,NULL,'A',NULL,0,NULL),
	(711,112939,129636,NULL,'K',137,0,NULL),
	(712,129452,NULL,NULL,'K',138,0,NULL),
	(713,29729,NULL,NULL,'K',139,0,NULL),
	(714,79576,NULL,NULL,'K',140,0,NULL),
	(715,112940,29886,NULL,'V',NULL,0,NULL),
	(716,112941,NULL,NULL,'K',144,0,NULL),
	(717,79677,96505,46856,'N',NULL,0,NULL),
	(718,46513,NULL,NULL,'K',145,0,NULL),
	(720,29731,NULL,NULL,'K',147,0,NULL),
	(721,112942,13647,30034,'N',NULL,0,NULL),
	(722,13511,129637,96653,'N',NULL,0,NULL),
	(723,62996,NULL,30035,'N',NULL,0,NULL),
	(724,63056,46747,13795,'N',NULL,0,NULL),
	(725,46514,113112,NULL,'A',NULL,0,NULL),
	(726,96355,NULL,NULL,'K',51,0,NULL),
	(727,129453,46708,63352,'A',NULL,0,NULL),
	(728,129454,29887,63353,'A',NULL,0,NULL),
	(734,96356,13648,NULL,'K',52,0,NULL),
	(735,112943,NULL,NULL,'K',53,0,NULL),
	(741,46515,113113,NULL,'A',NULL,0,NULL),
	(742,62998,79744,NULL,'A',NULL,0,NULL),
	(743,129455,29890,113245,'N',NULL,0,NULL),
	(744,96361,113114,NULL,'K',76,0,NULL),
	(746,112945,113115,NULL,'A',NULL,0,NULL),
	(747,96362,13661,113235,'N',NULL,1,748),
	(748,13513,63210,113235,'N',NULL,1,NULL),
	(749,29733,29891,NULL,'A',NULL,0,NULL),
	(750,96363,129640,63354,'N',NULL,0,NULL),
	(751,29734,63198,113259,'N',NULL,0,NULL),
	(752,112965,113116,113259,'A',NULL,0,NULL),
	(753,29827,79745,NULL,'N',NULL,0,NULL),
	(754,79578,29892,30018,'N',NULL,0,NULL),
	(755,29735,113117,96654,'N',NULL,0,NULL),
	(756,96382,129641,113235,'N',NULL,0,NULL),
	(757,96364,NULL,NULL,'K',58,0,NULL),
	(758,79579,NULL,NULL,'K',58,0,NULL),
	(759,129456,NULL,NULL,'K',58,0,NULL),
	(760,29736,NULL,NULL,'K',58,0,NULL),
	(761,112947,113118,113235,'A',NULL,0,NULL),
	(762,29737,129642,113235,'A',NULL,0,NULL),
	(763,62999,96507,113235,'A',NULL,0,NULL),
	(764,29738,46711,113235,'A',NULL,0,NULL),
	(765,129457,46712,30018,'N',NULL,0,NULL),
	(766,96365,46712,30018,'N',NULL,0,NULL),
	(767,63000,63199,113235,'N',NULL,0,NULL),
	(768,13514,29893,30036,'N',NULL,0,NULL),
	(769,46516,96508,NULL,'A',NULL,0,NULL),
	(770,46517,46713,113235,'N',NULL,0,NULL),
	(771,96366,113119,NULL,'K',101,0,NULL),
	(772,129458,46714,NULL,'K',101,0,NULL),
	(773,63113,129727,NULL,'K',101,0,NULL),
	(774,63001,129643,113235,'N',NULL,0,NULL),
	(775,129460,113120,113235,'N',NULL,0,NULL),
	(776,13515,63201,113235,'N',NULL,0,NULL),
	(777,29739,113121,113235,'N',NULL,0,NULL),
	(778,13516,13650,113235,'N',NULL,0,NULL),
	(779,13517,113117,96654,'N',NULL,0,NULL),
	(780,46518,129640,63354,'N',NULL,0,NULL),
	(781,63002,129644,113235,'N',NULL,0,NULL),
	(782,96367,113122,113235,'N',NULL,0,NULL),
	(783,63003,29894,113235,'N',NULL,0,NULL),
	(784,129461,63203,113235,'N',NULL,0,NULL),
	(785,13518,13652,30018,'A',NULL,0,NULL),
	(786,112948,13652,129776,'A',NULL,0,NULL),
	(787,79580,13652,63328,'A',NULL,0,NULL),
	(789,79581,13652,96655,'A',NULL,0,NULL),
	(790,46519,13652,30037,'A',NULL,0,NULL),
	(791,13520,13652,96644,'A',NULL,0,NULL),
	(792,63005,13652,129777,'A',NULL,0,NULL),
	(794,29740,13652,113259,'A',NULL,0,NULL),
	(795,79583,29876,113235,'N',NULL,0,NULL),
	(796,96368,29876,63349,'N',NULL,0,NULL),
	(797,63008,13653,63334,'N',NULL,0,NULL),
	(798,29741,13655,30018,'N',NULL,0,NULL),
	(799,96369,113123,63334,'N',NULL,0,NULL),
	(800,46520,129645,NULL,'A',NULL,0,NULL),
	(803,129464,129646,96644,'A',NULL,0,NULL),
	(804,113032,79748,113252,'N',NULL,0,NULL),
	(805,46614,79749,113252,'N',NULL,0,NULL),
	(806,46522,63205,30018,'N',NULL,0,NULL),
	(807,63011,113125,63334,'N',NULL,0,NULL),
	(808,112949,113125,63349,'N',NULL,0,NULL),
	(809,129511,113126,63334,'A',NULL,0,NULL),
	(810,96370,129648,NULL,'V',NULL,0,NULL),
	(811,63004,29895,NULL,'V',NULL,0,NULL),
	(812,79585,96510,NULL,'A',NULL,0,NULL),
	(813,112950,129706,113235,'N',NULL,0,NULL),
	(814,13522,129650,113235,'N',NULL,0,NULL),
	(815,129465,29896,113235,'N',NULL,0,NULL),
	(816,63012,96511,NULL,'A',NULL,0,NULL),
	(817,96371,79751,NULL,'A',NULL,0,NULL),
	(818,29742,113139,113235,'N',NULL,0,NULL),
	(819,29743,29897,113235,'N',NULL,0,NULL),
	(820,96372,113127,NULL,'N',NULL,0,NULL),
	(821,79586,96512,NULL,'A',NULL,1,822),
	(822,63013,13656,NULL,'A',NULL,1,NULL),
	(823,63014,129651,NULL,'A',NULL,1,824),
	(824,29744,29898,NULL,'A',NULL,1,NULL),
	(825,46523,NULL,NULL,'K',78,0,NULL),
	(826,129466,NULL,NULL,'K',57,0,NULL),
	(827,129467,NULL,NULL,'K',56,0,NULL),
	(828,29745,NULL,NULL,'K',55,0,NULL),
	(829,46524,NULL,NULL,'K',54,0,NULL),
	(830,29746,NULL,NULL,'K',178,0,NULL),
	(831,129468,NULL,NULL,'K',176,0,NULL),
	(832,13523,NULL,NULL,'K',177,0,NULL),
	(833,129469,13657,NULL,'K',101,0,NULL),
	(835,96374,13658,113235,'N',NULL,0,NULL),
	(836,112982,NULL,NULL,'K',181,0,NULL),
	(837,79587,63206,113235,'N',NULL,0,NULL),
	(838,13524,96513,113235,'N',NULL,0,NULL),
	(839,46525,46719,NULL,'K',183,0,NULL),
	(841,46526,13659,NULL,'K',184,0,NULL),
	(842,63017,129652,113235,'N',NULL,0,NULL),
	(843,13525,46720,96655,'A',NULL,0,NULL),
	(844,112951,29900,113235,'A',NULL,0,NULL),
	(845,129470,13660,113257,'A',NULL,0,NULL),
	(847,79588,NULL,NULL,'K',185,0,NULL),
	(848,129471,96514,NULL,'K',101,0,NULL),
	(849,129472,63208,NULL,'K',101,0,NULL),
	(850,46527,29901,30038,'A',NULL,0,NULL),
	(851,112952,63209,63355,'A',NULL,0,NULL),
	(852,112953,96515,NULL,'A',NULL,0,NULL),
	(854,96375,113178,113235,'A',NULL,0,NULL),
	(856,79589,129655,NULL,'A',NULL,0,NULL),
	(857,63018,63211,NULL,'A',NULL,0,NULL),
	(858,79590,129656,NULL,'A',NULL,0,NULL),
	(859,129473,113132,NULL,'A',NULL,0,NULL),
	(860,112955,113133,NULL,'A',NULL,0,NULL),
	(861,129474,96516,113235,'N',NULL,0,NULL),
	(862,46528,113134,63328,'N',NULL,0,NULL),
	(863,112956,46721,113241,'N',NULL,0,NULL),
	(864,29748,46722,113238,'N',NULL,0,NULL),
	(865,13526,129659,NULL,'A',NULL,0,NULL),
	(866,129475,129660,NULL,'A',NULL,0,NULL),
	(867,13527,63212,113235,'N',NULL,0,NULL),
	(869,63019,13662,113241,'N',NULL,0,NULL),
	(874,46529,113136,NULL,'A',NULL,0,NULL),
	(875,46530,96519,NULL,'A',NULL,0,NULL),
	(876,63020,79754,NULL,'A',NULL,0,NULL),
	(877,63021,63213,NULL,'A',NULL,0,NULL),
	(878,129476,113137,NULL,'A',NULL,0,NULL),
	(879,63022,129662,NULL,'A',NULL,0,NULL),
	(880,46531,46723,NULL,'A',NULL,0,NULL),
	(881,63023,113138,NULL,'A',NULL,0,NULL),
	(882,63024,63216,NULL,'A',NULL,0,NULL),
	(883,13528,29905,NULL,'A',NULL,0,NULL),
	(884,29749,63217,NULL,'A',NULL,0,NULL),
	(885,13529,113140,NULL,'A',NULL,0,NULL),
	(886,63025,29906,NULL,'A',NULL,1,887),
	(887,112957,79757,NULL,'A',NULL,1,NULL),
	(888,29750,113141,NULL,'A',NULL,0,NULL),
	(889,96376,63218,NULL,'A',NULL,0,NULL),
	(890,29751,96520,NULL,'A',NULL,0,NULL),
	(892,13463,46796,NULL,'K',186,0,NULL),
	(896,63026,NULL,NULL,'K',187,0,NULL),
	(897,112959,NULL,NULL,'K',188,0,NULL),
	(898,63028,NULL,NULL,'K',189,0,NULL),
	(899,63029,63219,NULL,'A',NULL,0,NULL),
	(900,96377,96522,NULL,'V',NULL,0,NULL),
	(901,79591,NULL,NULL,'K',190,0,NULL),
	(902,13530,13664,NULL,'K',191,0,NULL),
	(903,29752,13665,NULL,'A',NULL,0,NULL),
	(904,29753,113142,NULL,'K',137,0,NULL),
	(905,46533,NULL,NULL,'K',192,0,NULL),
	(906,96378,63220,NULL,'A',NULL,0,NULL),
	(907,46583,129703,NULL,'K',193,0,NULL),
	(908,29754,96523,NULL,'K',194,0,NULL),
	(909,96380,63222,113235,'N',NULL,0,NULL),
	(910,79592,113143,113240,'N',NULL,0,NULL),
	(911,63030,79760,NULL,'A',NULL,0,NULL),
	(912,79593,13666,NULL,'A',NULL,0,NULL),
	(913,129479,NULL,NULL,'K',195,0,NULL),
	(914,29755,129666,NULL,'N',NULL,0,NULL),
	(915,79594,NULL,113238,'A',NULL,0,NULL),
	(916,129480,79761,113235,'A',NULL,0,NULL),
	(917,13531,63223,113235,'A',NULL,0,NULL),
	(918,129481,NULL,NULL,'K',196,0,NULL),
	(919,129415,46650,NULL,'A',NULL,0,NULL),
	(920,63031,79762,113241,'N',NULL,1,921),
	(921,13532,13668,113241,'N',NULL,1,NULL),
	(922,29756,96524,113241,'N',NULL,1,923),
	(923,112960,46724,113241,'N',NULL,1,NULL),
	(924,79595,96527,113235,'N',NULL,1,925),
	(925,63032,29911,113235,'N',NULL,1,NULL),
	(926,29757,79763,113235,'N',NULL,1,927),
	(927,63033,113144,113235,'N',NULL,1,NULL),
	(928,129482,63225,113235,'N',NULL,0,NULL),
	(929,46534,96526,113235,'N',NULL,0,NULL),
	(931,63034,29912,NULL,'V',NULL,0,NULL),
	(932,79596,29913,NULL,'V',NULL,0,NULL),
	(933,29758,NULL,NULL,'K',198,0,NULL),
	(934,129483,NULL,NULL,'K',199,0,NULL),
	(935,29759,NULL,NULL,'K',200,0,NULL),
	(936,63035,NULL,NULL,'K',201,0,NULL),
	(937,112961,96528,46837,'N',NULL,0,NULL),
	(938,129484,79764,63328,'N',NULL,0,NULL),
	(939,46535,NULL,NULL,'K',202,0,NULL),
	(941,63036,29914,NULL,'N',NULL,0,NULL),
	(943,29760,NULL,NULL,'K',203,0,NULL),
	(945,112954,96529,NULL,'N',NULL,0,NULL),
	(946,96381,79767,NULL,'N',NULL,0,NULL),
	(947,112962,129668,NULL,'N',NULL,0,NULL),
	(948,112963,13670,NULL,'N',NULL,0,NULL),
	(949,13533,29915,NULL,'N',NULL,0,NULL),
	(950,13534,129669,113235,'N',NULL,0,NULL),
	(951,46537,113145,NULL,'A',NULL,0,NULL),
	(952,29761,129670,113235,'N',NULL,0,NULL),
	(953,63037,79768,113235,'N',NULL,0,NULL),
	(954,96383,63228,113235,'N',NULL,0,NULL),
	(955,96384,63229,113235,'N',NULL,0,NULL),
	(956,79597,63230,113235,'A',NULL,0,NULL),
	(957,96385,29919,113235,'N',NULL,0,NULL),
	(959,79598,96531,113235,'N',NULL,0,NULL),
	(960,46538,13671,113235,'N',NULL,0,NULL),
	(961,112964,29920,NULL,'A',NULL,0,NULL),
	(962,13535,96532,NULL,'A',NULL,0,NULL),
	(963,13536,113146,NULL,'A',NULL,0,NULL),
	(964,13537,63231,113259,'N',NULL,0,NULL),
	(965,79599,46726,113259,'N',NULL,0,NULL),
	(966,13538,79770,63327,'N',NULL,0,NULL),
	(967,63038,129672,NULL,'K',101,0,NULL),
	(968,46539,NULL,NULL,'K',206,0,NULL),
	(969,46540,46727,NULL,'A',NULL,0,NULL),
	(970,129486,46728,NULL,'A',NULL,0,NULL),
	(971,79600,79771,13791,'N',NULL,0,NULL),
	(972,129487,63232,NULL,'K',207,0,NULL),
	(975,63039,NULL,NULL,'K',208,0,NULL),
	(977,112966,113147,NULL,'N',NULL,0,NULL),
	(978,79601,63269,113235,'N',NULL,0,NULL),
	(979,112967,113179,113235,'N',NULL,0,NULL),
	(980,29762,13707,113235,'A',NULL,0,NULL),
	(981,13539,13708,79867,'A',NULL,0,NULL),
	(982,13540,96576,113235,'N',NULL,0,NULL),
	(983,29763,13709,113235,'N',NULL,0,NULL),
	(984,96399,113180,113235,'N',NULL,0,NULL),
	(985,79621,13710,113235,'N',NULL,0,NULL),
	(986,63057,113181,113235,'N',NULL,0,NULL),
	(987,129505,13711,113235,'N',NULL,0,NULL),
	(988,112968,129684,113235,'N',NULL,0,NULL),
	(989,63040,29969,113235,'N',NULL,0,NULL),
	(990,129488,79812,113235,'N',NULL,0,NULL),
	(991,79604,29923,NULL,'A',NULL,0,NULL),
	(992,46542,79813,NULL,'A',NULL,0,NULL),
	(993,46543,79814,113235,'N',NULL,0,NULL),
	(994,13541,29970,113235,'N',NULL,0,NULL),
	(995,129489,29940,113235,'N',NULL,0,NULL),
	(996,13542,63250,113235,'N',NULL,0,NULL),
	(997,112969,79774,NULL,'A',NULL,0,NULL),
	(998,63041,13675,NULL,'A',NULL,0,NULL),
	(999,13543,29941,46834,'A',NULL,0,NULL),
	(1000,46544,113168,113235,'A',NULL,0,NULL),
	(1001,29764,63270,NULL,'N',NULL,0,NULL),
	(1002,112970,63271,NULL,'N',NULL,0,NULL),
	(1003,63058,79794,113235,'N',NULL,0,NULL),
	(1004,46562,96577,113235,'N',NULL,0,NULL),
	(1005,13551,13712,113235,'N',NULL,0,NULL),
	(1006,29776,113182,113235,'N',NULL,0,NULL),
	(1007,63059,113183,113235,'N',NULL,0,NULL),
	(1008,63043,29965,113235,'N',NULL,0,NULL),
	(1009,79607,13704,113235,'N',NULL,0,NULL),
	(1010,46546,29966,113235,'N',NULL,0,NULL),
	(1011,46547,46771,113235,'N',NULL,0,NULL),
	(1012,112973,NULL,NULL,'K',209,0,NULL),
	(1013,129490,96537,113235,'N',NULL,0,NULL),
	(1014,63044,13678,30026,'N',NULL,0,NULL),
	(1015,63045,46738,113252,'N',NULL,0,NULL),
	(1016,46548,13679,NULL,'A',NULL,0,NULL),
	(1017,129491,46739,NULL,'A',NULL,0,NULL),
	(1018,112974,29926,NULL,'A',NULL,0,NULL),
	(1019,46549,96538,NULL,'A',NULL,0,NULL),
	(1020,29765,113154,NULL,'K',210,0,NULL),
	(1021,29792,113155,113235,'N',NULL,0,NULL),
	(1022,96388,129679,46837,'N',NULL,0,NULL),
	(1023,13544,113156,NULL,'N',NULL,0,NULL),
	(1024,129492,79779,113235,'N',NULL,0,NULL),
	(1025,129493,46740,NULL,'A',NULL,0,NULL),
	(1026,63046,63237,NULL,'N',NULL,0,NULL),
	(1027,13545,29927,NULL,'V',NULL,0,NULL),
	(1028,46551,113157,NULL,'V',NULL,0,NULL),
	(1029,29766,NULL,NULL,'K',211,0,NULL),
	(1030,79609,79781,NULL,'N',NULL,0,NULL),
	(1033,13546,113158,NULL,'K',137,0,NULL),
	(1034,13547,129680,129779,'N',NULL,0,NULL),
	(1035,63051,46741,113235,'N',NULL,1,1036),
	(1036,46555,13680,113235,'N',NULL,1,NULL),
	(1037,129506,79795,113235,'N',NULL,0,NULL),
	(1038,129497,13681,113235,'N',NULL,0,NULL),
	(1039,96391,29928,113235,'N',NULL,0,NULL),
	(1040,129495,63238,113235,'N',NULL,0,NULL),
	(1041,63049,79782,113235,'N',NULL,0,NULL),
	(1042,46554,79783,113235,'N',NULL,0,NULL),
	(1043,96390,46743,113235,'N',NULL,0,NULL),
	(1044,63050,29929,113235,'N',NULL,0,NULL),
	(1045,129496,29930,113235,'N',NULL,0,NULL),
	(1046,96398,46774,113235,'N',NULL,0,NULL),
	(1047,129502,13713,113235,'N',NULL,0,NULL),
	(1048,129503,63272,113235,'N',NULL,0,NULL),
	(1049,96393,96541,NULL,'A',NULL,0,NULL),
	(1050,29775,79790,113235,'N',NULL,0,NULL),
	(1051,79615,29931,113235,'N',NULL,0,NULL),
	(1052,13548,129681,NULL,'K',101,0,NULL),
	(1053,113021,129682,113235,'N',NULL,0,NULL),
	(1054,129498,63244,NULL,'A',NULL,0,NULL),
	(1055,63052,129683,NULL,'A',NULL,0,NULL),
	(1056,79616,29932,NULL,'V',NULL,0,NULL),
	(1057,63053,79784,NULL,'V',NULL,0,NULL),
	(1058,79620,79791,113235,'N',NULL,0,NULL),
	(1059,96394,29933,NULL,'A',NULL,0,NULL),
	(1060,129500,129684,113238,'A',NULL,0,NULL),
	(1061,46556,46745,113238,'A',NULL,0,NULL),
	(1062,46557,46746,113238,'A',NULL,0,NULL),
	(1064,79617,79787,NULL,'A',NULL,0,NULL),
	(1065,46558,79788,NULL,'K',101,0,NULL),
	(1066,112978,79789,NULL,'K',101,0,NULL),
	(1067,63055,13683,63334,'N',NULL,0,NULL),
	(1069,79618,13684,63334,'N',NULL,0,NULL),
	(1070,13550,113089,13796,'A',NULL,0,NULL),
	(1071,129504,79792,113235,'N',NULL,0,NULL),
	(1072,46563,NULL,NULL,'K',212,0,NULL),
	(1073,79622,63248,NULL,'A',NULL,0,NULL),
	(1074,79623,113162,96638,'A',NULL,0,NULL),
	(1075,29777,79796,NULL,'V',NULL,0,NULL),
	(1076,63060,96548,113235,'N',NULL,0,NULL),
	(1077,112980,96549,113235,'N',NULL,0,NULL),
	(1078,129508,NULL,NULL,'K',215,0,NULL),
	(1079,79624,113163,NULL,'V',NULL,0,NULL),
	(1080,129509,29936,NULL,'K',216,0,NULL),
	(1081,13552,96550,NULL,'N',NULL,0,NULL),
	(1082,13553,46750,113235,'N',NULL,0,NULL),
	(1083,46565,63249,NULL,'A',NULL,0,NULL),
	(1084,112981,13689,NULL,'A',NULL,0,NULL),
	(1085,29779,29937,NULL,'A',NULL,0,NULL),
	(1087,46566,13690,NULL,'V',NULL,0,NULL),
	(1088,63061,46751,NULL,'V',NULL,0,NULL),
	(1089,129510,79798,96644,'N',NULL,1,1090),
	(1090,13555,113164,96644,'N',NULL,1,NULL),
	(1091,112983,96551,NULL,'A',NULL,0,NULL),
	(1092,29780,96552,NULL,'A',NULL,0,NULL),
	(1093,13556,46752,NULL,'V',NULL,0,NULL),
	(1094,79628,29938,NULL,'N',NULL,0,NULL),
	(1096,112985,96553,113259,'N',NULL,1,1097),
	(1097,63064,46753,113259,'N',NULL,1,NULL),
	(1098,46567,13692,NULL,'K',101,0,NULL),
	(1099,46568,46754,NULL,'K',112,0,NULL),
	(1100,13557,113165,NULL,'V',NULL,0,NULL),
	(1101,63065,46755,NULL,'K',101,0,NULL),
	(1102,29781,113166,NULL,'K',112,0,NULL),
	(1103,96403,29939,NULL,'K',217,0,NULL),
	(1104,63066,113167,NULL,'K',112,0,NULL),
	(1105,129521,29943,113235,'N',NULL,0,NULL),
	(1106,46569,96554,113235,'N',NULL,0,NULL),
	(1107,96404,63253,NULL,'V',NULL,0,NULL),
	(1108,96405,13694,NULL,'V',NULL,0,NULL),
	(1109,112986,29946,NULL,'V',NULL,0,NULL),
	(1110,46570,46757,NULL,'V',NULL,0,NULL),
	(1111,112988,113169,NULL,'A',NULL,0,NULL),
	(1112,46571,13695,113235,'N',NULL,0,NULL),
	(1113,46572,96556,113235,'N',NULL,0,NULL),
	(1114,46573,79799,NULL,'A',NULL,0,NULL),
	(1115,112989,96557,NULL,'A',NULL,0,NULL),
	(1116,112991,129689,30018,'N',NULL,0,NULL),
	(1117,129516,29947,30018,'N',NULL,0,NULL),
	(1118,29782,63229,113238,'A',NULL,0,NULL),
	(1119,79630,129690,30025,'N',NULL,0,NULL),
	(1120,46574,29948,113250,'N',NULL,0,NULL),
	(1121,96406,63254,NULL,'V',NULL,0,NULL),
	(1122,96407,13696,NULL,'V',NULL,0,NULL),
	(1123,129518,29949,NULL,'N',NULL,0,NULL),
	(1124,29783,63255,NULL,'V',NULL,0,NULL),
	(1125,63071,79800,NULL,'V',NULL,0,NULL),
	(1126,129519,13697,113235,'N',NULL,0,NULL),
	(1127,129520,129691,63328,'N',NULL,1,1128),
	(1128,13560,29950,63328,'N',NULL,1,NULL),
	(1129,112992,63256,NULL,'A',NULL,0,NULL),
	(1130,13561,96559,113235,'N',NULL,0,NULL),
	(1131,96408,96560,113235,'N',NULL,0,NULL),
	(1132,79631,79801,113235,'N',NULL,1,1133),
	(1133,112993,96561,113235,'N',NULL,1,NULL),
	(1134,13562,113171,NULL,'K',101,0,NULL),
	(1135,79632,46758,NULL,'V',NULL,0,NULL),
	(1136,46575,NULL,NULL,'K',218,0,NULL),
	(1137,79633,129692,NULL,'V',NULL,0,NULL),
	(1138,46576,46759,NULL,'V',NULL,0,NULL),
	(1139,129522,79803,113235,'N',NULL,0,NULL),
	(1140,96409,96563,113235,'N',NULL,0,NULL),
	(1141,29785,63258,NULL,'K',101,0,NULL),
	(1142,29786,NULL,NULL,'K',219,0,NULL),
	(1143,129523,29901,96656,'A',NULL,0,NULL),
	(1144,63072,63259,NULL,'A',NULL,0,NULL),
	(1145,63073,29952,NULL,'K',112,0,NULL),
	(1146,79634,79804,113235,'N',NULL,0,NULL),
	(1148,96410,129693,NULL,'V',NULL,0,NULL),
	(1149,29787,129694,NULL,'V',NULL,0,NULL),
	(1150,63074,113172,NULL,'V',NULL,0,NULL),
	(1151,79635,46761,30039,'N',NULL,0,NULL),
	(1152,112994,29954,NULL,'V',NULL,0,NULL),
	(1153,129525,96564,NULL,'V',NULL,0,NULL),
	(1155,96411,129695,NULL,'B',NULL,0,NULL),
	(1156,46578,29955,96638,'A',NULL,0,NULL),
	(1157,29788,46762,NULL,'N',NULL,0,NULL),
	(1158,96412,NULL,NULL,'K',220,0,NULL),
	(1159,112995,63260,113238,'N',NULL,0,NULL),
	(1160,29789,29956,NULL,'A',NULL,0,NULL),
	(1161,63075,96568,NULL,'A',NULL,0,NULL),
	(1162,63076,96569,NULL,'V',NULL,0,NULL),
	(1163,96413,NULL,NULL,'K',221,0,NULL),
	(1164,96414,29957,NULL,'V',NULL,0,NULL),
	(1165,63077,113174,NULL,'V',NULL,0,NULL),
	(1166,129526,79771,129778,'N',NULL,0,NULL),
	(1167,29791,NULL,NULL,'K',222,0,NULL),
	(1168,79636,46763,113235,'N',NULL,0,NULL),
	(1169,112996,63262,113235,'N',NULL,0,NULL),
	(1170,79639,113175,113235,'N',NULL,0,NULL),
	(1171,63078,46764,113235,'N',NULL,0,NULL),
	(1172,63080,96571,NULL,'A',NULL,0,NULL),
	(1173,63079,46765,30026,'N',NULL,0,NULL),
	(1174,13563,46766,NULL,'A',NULL,0,NULL),
	(1175,29793,63264,NULL,'A',NULL,0,NULL),
	(1176,29794,13700,NULL,'A',NULL,0,NULL),
	(1177,96416,46767,113235,'N',NULL,0,NULL),
	(1178,96415,79805,113235,'N',NULL,0,NULL),
	(1179,129528,129696,113235,'N',NULL,0,NULL),
	(1180,96417,13701,113235,'N',NULL,0,NULL),
	(1181,63082,79806,113235,'N',NULL,0,NULL),
	(1182,29795,46768,NULL,'A',NULL,0,NULL),
	(1183,96418,29958,113235,'N',NULL,0,NULL),
	(1184,29796,29959,113235,'N',NULL,0,NULL),
	(1185,96419,96572,113235,'N',NULL,0,NULL),
	(1186,96420,63265,113235,'N',NULL,0,NULL),
	(1187,96421,13702,113235,'N',NULL,0,NULL),
	(1188,29797,96573,113235,'N',NULL,1,1189),
	(1189,13564,29960,113235,'N',NULL,1,NULL),
	(1190,79640,29961,113235,'N',NULL,0,NULL),
	(1191,63083,129697,113235,'N',NULL,1,1192),
	(1192,13565,79807,113235,'N',NULL,1,NULL),
	(1193,29798,129698,113235,'N',NULL,1,1194),
	(1194,79641,46769,113235,'N',NULL,1,NULL),
	(1195,112998,129699,113235,'N',NULL,1,1196),
	(1196,46580,96574,113235,'N',NULL,1,NULL),
	(1197,13566,129700,NULL,'A',NULL,0,NULL),
	(1198,112999,29962,NULL,'A',NULL,0,NULL),
	(1199,29799,63266,NULL,'V',NULL,0,NULL),
	(1200,129529,129701,NULL,'V',NULL,0,NULL),
	(1202,13567,46770,96644,'N',NULL,0,NULL),
	(1203,96423,29879,129780,'A',NULL,0,NULL),
	(1204,96424,79808,30040,'A',NULL,0,NULL),
	(1205,63084,129702,113235,'N',NULL,1,1206),
	(1206,113001,79809,113235,'N',NULL,1,NULL),
	(1207,46581,63250,113235,'N',NULL,1,1208),
	(1208,63085,79810,113235,'N',NULL,1,NULL),
	(1209,29801,NULL,NULL,'K',223,0,NULL),
	(1210,46582,NULL,NULL,'K',224,0,NULL),
	(1211,79642,NULL,NULL,'K',225,0,NULL),
	(1212,63086,96579,NULL,'K',226,0,NULL),
	(1213,113002,NULL,NULL,'K',227,0,NULL),
	(1214,46585,13714,30018,'N',NULL,0,NULL),
	(1216,96425,NULL,NULL,'K',228,0,NULL),
	(1217,13568,29971,NULL,'N',NULL,0,NULL),
	(1218,63087,63273,NULL,'K',101,0,NULL),
	(1219,96426,63206,113238,'N',NULL,0,NULL),
	(1220,129530,79814,113238,'N',NULL,0,NULL),
	(1221,79643,29970,113238,'N',NULL,0,NULL),
	(1222,63088,96583,NULL,'A',NULL,0,NULL),
	(1223,29802,NULL,NULL,'K',230,0,NULL),
	(1224,113003,96584,NULL,'V',NULL,0,NULL),
	(1225,113004,13716,NULL,'V',NULL,0,NULL),
	(1226,29803,129707,NULL,'N',NULL,0,NULL),
	(1227,113005,NULL,NULL,'K',231,0,NULL),
	(1228,113006,46775,113241,'N',NULL,0,NULL),
	(1229,29804,96585,113241,'N',NULL,0,NULL),
	(1230,29805,63275,NULL,'V',NULL,0,NULL),
	(1231,113007,13717,NULL,'V',NULL,0,NULL),
	(1232,46586,46776,NULL,'V',NULL,0,NULL),
	(1233,113009,29972,113235,'N',NULL,0,NULL),
	(1234,79644,13718,113235,'N',NULL,1,1235),
	(1235,129531,46777,113235,'N',NULL,1,NULL),
	(1236,129532,129709,NULL,'N',NULL,0,NULL),
	(1237,79645,63276,NULL,'N',NULL,0,NULL),
	(1238,79646,46778,NULL,'K',101,0,NULL),
	(1239,46587,29973,13792,'N',NULL,0,NULL),
	(1240,96427,29973,129781,'N',NULL,0,NULL),
	(1241,13569,79815,NULL,'B',NULL,0,NULL),
	(1242,79647,46779,NULL,'B',NULL,0,NULL),
	(1243,113010,113184,NULL,'A',NULL,0,NULL),
	(1244,63089,96586,NULL,'A',NULL,0,NULL),
	(1245,79648,113185,NULL,'A',NULL,0,NULL),
	(1246,96428,96588,NULL,'V',NULL,0,NULL),
	(1247,29835,29974,30041,'N',NULL,0,NULL),
	(1248,13570,46780,NULL,'A',NULL,0,NULL),
	(1249,129533,13719,113235,'N',NULL,1,1250),
	(1250,113012,79817,113235,'N',NULL,1,NULL),
	(1251,46588,79818,NULL,'V',NULL,0,NULL),
	(1256,113013,13720,NULL,'A',NULL,0,NULL),
	(1257,79649,46781,96657,'N',NULL,0,NULL),
	(1258,13571,63180,96657,'N',NULL,1,1259),
	(1259,63090,46686,96657,'N',NULL,1,NULL),
	(1260,46589,113162,96657,'N',NULL,0,NULL),
	(1261,13572,129710,96657,'N',NULL,0,NULL),
	(1262,113014,29975,96657,'N',NULL,1,1263),
	(1263,13573,63277,96657,'N',NULL,1,NULL),
	(1264,113015,113186,96657,'N',NULL,0,NULL),
	(1265,113016,113187,96657,'N',NULL,1,1266),
	(1266,113017,129711,96657,'N',NULL,1,NULL),
	(1267,13574,113188,NULL,'A',NULL,0,NULL),
	(1269,79650,13721,NULL,'K',63,0,NULL),
	(1270,129534,96590,NULL,'V',NULL,0,NULL),
	(1271,46590,79819,NULL,'A',NULL,0,NULL),
	(1272,79651,29978,NULL,'A',NULL,0,NULL),
	(1273,46591,13722,NULL,'A',NULL,0,NULL),
	(1274,13576,96591,NULL,'A',NULL,0,NULL),
	(1275,13577,NULL,NULL,'K',232,0,NULL),
	(1276,29806,46782,113235,'N',NULL,0,NULL),
	(1277,129536,129712,NULL,'V',NULL,0,NULL),
	(1279,63091,129713,NULL,'K',112,0,NULL),
	(1280,63092,13723,NULL,'K',112,0,NULL),
	(1281,63093,63278,NULL,'N',NULL,0,NULL),
	(1282,46592,46783,NULL,'N',NULL,0,NULL),
	(1283,46593,29979,NULL,'A',NULL,0,NULL),
	(1284,96430,113190,NULL,'A',NULL,0,NULL),
	(1285,129537,113191,NULL,'K',101,0,NULL),
	(1286,79652,46784,113235,'N',NULL,0,NULL),
	(1287,113018,79820,113235,'N',NULL,0,NULL),
	(1288,29807,13724,113235,'N',NULL,0,NULL),
	(1289,79653,79821,30026,'N',NULL,0,NULL),
	(1290,79654,129714,NULL,'K',233,0,NULL),
	(1291,46594,46785,NULL,'V',NULL,0,NULL),
	(1292,79655,96588,113235,'N',NULL,0,NULL),
	(1293,63094,96588,113238,'N',NULL,0,NULL),
	(1294,96431,46798,NULL,'V',NULL,0,NULL),
	(1295,29704,46707,NULL,'K',234,0,NULL),
	(1296,13578,129715,30025,'N',NULL,0,NULL),
	(1297,29809,79822,113235,'N',NULL,0,NULL),
	(1298,46595,79823,113235,'N',NULL,0,NULL),
	(1299,63096,113192,NULL,'V',NULL,0,NULL),
	(1300,79657,29980,NULL,'V',NULL,0,NULL),
	(1301,129538,29981,NULL,'V',NULL,0,NULL),
	(1302,29808,96592,NULL,'V',NULL,0,NULL),
	(1303,96432,129716,113241,'N',NULL,1,1304),
	(1304,129539,96593,113241,'N',NULL,1,NULL),
	(1305,79658,79824,NULL,'V',NULL,0,NULL),
	(1306,46596,NULL,NULL,'K',235,0,NULL),
	(1307,79659,29982,113235,'N',NULL,0,NULL),
	(1308,63097,63279,113235,'N',NULL,0,NULL),
	(1309,96433,79825,NULL,'A',NULL,0,NULL),
	(1310,29810,96594,NULL,'A',NULL,0,NULL),
	(1311,129540,96595,113241,'N',NULL,0,NULL),
	(1312,13579,96595,96638,'N',NULL,0,NULL),
	(1313,79660,63280,96638,'N',NULL,0,NULL),
	(1314,46597,63281,96638,'N',NULL,0,NULL),
	(1315,96434,46786,NULL,'K',236,0,NULL),
	(1316,113019,13728,NULL,'K',237,0,NULL),
	(1317,29800,29963,NULL,'V',NULL,0,NULL),
	(1318,129541,63282,113235,'N',NULL,0,NULL),
	(1319,129542,129717,NULL,'A',NULL,0,NULL),
	(1320,129543,13729,NULL,'K',238,0,NULL),
	(1321,29811,46787,NULL,'K',238,0,NULL),
	(1322,29812,63283,NULL,'K',239,0,NULL),
	(1323,79661,113194,NULL,'A',NULL,0,NULL),
	(1324,96435,29983,63328,'N',NULL,0,NULL),
	(1325,113020,79826,63328,'N',NULL,0,NULL),
	(1326,13580,96596,NULL,'A',NULL,0,NULL),
	(1327,63099,63284,30026,'N',NULL,0,NULL),
	(1328,29813,79827,30026,'N',NULL,0,NULL),
	(1329,63100,29984,30026,'N',NULL,0,NULL),
	(1330,96436,29985,30026,'N',NULL,0,NULL),
	(1331,46598,13730,NULL,'K',111,0,NULL),
	(1332,96437,46789,NULL,'A',NULL,0,NULL),
	(1333,46599,29986,NULL,'K',134,0,NULL),
	(1334,79664,113195,113235,'N',NULL,0,NULL),
	(1335,46600,46790,113235,'N',NULL,0,NULL),
	(1336,63101,13732,113235,'N',NULL,0,NULL),
	(1337,46601,63285,113235,'N',NULL,0,NULL),
	(1338,46602,63286,113235,'N',NULL,0,NULL),
	(1339,113023,63287,30026,'N',NULL,0,NULL),
	(1340,113024,113196,NULL,'N',NULL,0,NULL),
	(1341,46603,79828,113235,'N',NULL,0,NULL),
	(1342,113025,113197,113235,'N',NULL,0,NULL),
	(1343,13581,63288,NULL,'N',NULL,0,NULL),
	(1344,79666,63289,NULL,'K',240,0,NULL),
	(1345,63102,46791,NULL,'K',238,0,NULL),
	(1346,63103,63290,NULL,'K',238,0,NULL),
	(1347,96438,96597,113235,'N',NULL,0,NULL),
	(1348,79667,63291,NULL,'K',241,0,NULL),
	(1349,63104,13733,113235,'N',NULL,0,NULL),
	(1350,113026,46792,113235,'N',NULL,0,NULL),
	(1351,63105,113198,NULL,'A',NULL,0,NULL),
	(1352,13582,46793,NULL,'A',NULL,0,NULL),
	(1353,79668,NULL,NULL,'K',58,0,NULL),
	(1354,46604,46794,113235,'N',NULL,0,NULL),
	(1355,63108,113199,113235,'N',NULL,0,NULL),
	(1356,29815,113200,NULL,'V',NULL,0,NULL),
	(1357,63109,79829,NULL,'A',NULL,0,NULL),
	(1358,46605,96598,30025,'N',NULL,1,1359),
	(1359,13583,96599,30025,'N',NULL,1,NULL),
	(1360,96439,13734,NULL,'N',NULL,0,NULL),
	(1361,46606,129720,NULL,'A',NULL,0,NULL),
	(1362,46609,63293,113235,'N',NULL,0,NULL),
	(1363,13584,13735,113235,'N',NULL,0,NULL),
	(1364,79669,63294,113235,'N',NULL,0,NULL),
	(1365,96440,63295,113235,'N',NULL,0,NULL),
	(1366,46607,13736,113235,'N',NULL,0,NULL),
	(1367,29817,13737,113235,'N',NULL,0,NULL),
	(1369,129544,46797,113235,'N',NULL,0,NULL),
	(1370,46608,129721,113235,'N',NULL,0,NULL),
	(1371,63111,79830,NULL,'A',NULL,0,NULL),
	(1372,129546,96600,NULL,'V',NULL,0,NULL),
	(1373,63112,46799,NULL,'D',NULL,0,NULL),
	(1374,129547,129724,NULL,'N',NULL,0,NULL),
	(1375,29818,96601,NULL,'N',NULL,0,NULL),
	(1376,13585,79831,NULL,'A',NULL,0,NULL),
	(1377,129548,113201,NULL,'A',NULL,0,NULL),
	(1378,29819,29988,NULL,'V',NULL,0,NULL),
	(1379,129549,113202,NULL,'A',NULL,0,NULL),
	(1380,96442,63296,113235,'N',NULL,0,NULL),
	(1381,46610,79832,113235,'N',NULL,0,NULL),
	(1382,46611,NULL,NULL,'K',214,0,NULL),
	(1383,29820,129726,NULL,'V',NULL,0,NULL),
	(1384,113028,29989,NULL,'N',NULL,0,NULL),
	(1385,79671,79833,30026,'N',NULL,0,NULL),
	(1386,113029,113203,NULL,'N',NULL,0,NULL),
	(1387,29821,46800,113235,'N',NULL,0,NULL),
	(1388,96443,63297,NULL,'V',NULL,0,NULL),
	(1389,79672,29990,NULL,'V',NULL,0,NULL),
	(1390,29822,46801,63356,'N',NULL,0,NULL),
	(1391,46612,63298,NULL,'V',NULL,0,NULL),
	(1392,63114,113204,113259,'N',NULL,0,NULL),
	(1393,63116,96602,113245,'N',NULL,0,NULL),
	(1394,96444,13738,NULL,'V',NULL,0,NULL),
	(1395,29824,96603,113238,'N',NULL,0,NULL),
	(1396,13586,129728,30042,'N',NULL,0,NULL),
	(1397,13587,96604,NULL,'N',NULL,0,NULL),
	(1398,29825,63299,NULL,'N',NULL,0,NULL),
	(1399,29826,63300,NULL,'N',NULL,0,NULL),
	(1400,46613,63301,NULL,'N',NULL,0,NULL),
	(1401,13588,29991,NULL,'K',111,0,NULL),
	(1402,79676,63303,NULL,'K',111,0,NULL),
	(1403,63117,79834,NULL,'V',NULL,0,NULL),
	(1404,113031,46802,NULL,'V',NULL,0,NULL),
	(1405,13589,79835,113259,'N',NULL,0,NULL),
	(1406,46615,46803,96658,'N',NULL,0,NULL),
	(1407,13590,113089,96659,'N',NULL,0,NULL),
	(1408,129550,63304,NULL,'N',NULL,0,NULL),
	(1409,113033,96605,13784,'N',NULL,0,NULL),
	(1410,113034,13739,13784,'N',NULL,0,NULL),
	(1411,79678,113206,NULL,'A',NULL,0,NULL),
	(1412,129551,46804,NULL,'A',NULL,1,1413),
	(1413,13591,13740,NULL,'A',NULL,1,NULL),
	(1414,129552,129729,NULL,'A',NULL,1,1415),
	(1415,63118,79836,NULL,'A',NULL,1,NULL),
	(1416,13592,79838,113235,'N',NULL,0,NULL),
	(1417,13593,13741,113235,'N',NULL,0,NULL),
	(1418,13594,29992,NULL,'N',NULL,0,NULL),
	(1419,13595,113207,113235,'N',NULL,0,NULL),
	(1420,29828,13742,113235,'N',NULL,0,NULL),
	(1421,96445,96606,113235,'N',NULL,0,NULL),
	(1425,113035,13743,113241,'N',NULL,0,NULL),
	(1426,113036,113208,NULL,'K',242,0,NULL),
	(1427,63119,13744,NULL,'K',243,0,NULL),
	(1428,46616,29993,NULL,'K',244,0,NULL),
	(1429,29829,79839,NULL,'K',245,0,NULL),
	(1431,113037,13745,NULL,'K',247,0,NULL),
	(1432,46618,129730,NULL,'K',248,0,NULL),
	(1433,79679,13746,NULL,'A',NULL,0,NULL),
	(1434,113038,46805,NULL,'A',NULL,0,NULL),
	(1435,113039,129731,113235,'N',NULL,0,NULL),
	(1436,29784,113170,113235,'N',NULL,0,NULL),
	(1437,29830,79840,113235,'N',NULL,0,NULL),
	(1438,46619,79841,113235,'N',NULL,1,1439),
	(1439,113040,113209,113235,'N',NULL,1,NULL),
	(1440,63120,13747,NULL,'A',NULL,0,NULL),
	(1441,13596,29873,113238,'A',NULL,0,NULL),
	(1442,63121,129732,30018,'N',NULL,0,NULL),
	(1443,79680,63305,30042,'N',NULL,0,NULL),
	(1444,79681,13748,NULL,'A',NULL,0,NULL),
	(1445,96446,29994,113235,'N',NULL,0,NULL),
	(1446,79682,NULL,NULL,'K',249,0,NULL),
	(1447,113041,113210,46859,'N',NULL,0,NULL),
	(1448,63122,13749,NULL,'A',NULL,0,NULL),
	(1449,29831,13750,NULL,'V',NULL,0,NULL),
	(1450,79683,129733,NULL,'K',250,0,NULL),
	(1451,46620,113211,NULL,'K',101,0,NULL),
	(1455,13598,96608,63328,'N',NULL,0,NULL),
	(1456,79684,129734,63328,'N',NULL,0,NULL),
	(1457,13599,13752,129780,'N',NULL,0,NULL),
	(1458,63123,63307,129780,'N',NULL,0,NULL),
	(1459,29832,96609,30026,'N',NULL,0,NULL),
	(1461,129554,13753,113245,'N',NULL,1,1462),
	(1462,29833,113212,113245,'N',NULL,1,NULL),
	(1463,63124,29995,113245,'N',NULL,1,1464),
	(1464,79685,46806,113245,'N',NULL,1,NULL),
	(1465,29834,96610,NULL,'K',251,0,NULL),
	(1466,129555,129735,NULL,'V',NULL,0,NULL),
	(1467,63125,46807,NULL,'V',NULL,0,NULL),
	(1468,46622,13754,13797,'N',NULL,0,NULL),
	(1469,13600,96611,79880,'N',NULL,0,NULL),
	(1470,29836,129736,113235,'N',NULL,0,NULL),
	(1471,29837,113213,NULL,'A',NULL,0,NULL),
	(1472,63126,46808,NULL,'A',NULL,0,NULL),
	(1473,46623,63308,NULL,'A',NULL,0,NULL),
	(1474,46624,96612,NULL,'V',NULL,0,NULL),
	(1475,96448,79842,NULL,'A',NULL,0,NULL),
	(1476,79686,96613,129778,'N',NULL,0,NULL),
	(1477,29838,46809,NULL,'N',NULL,0,NULL),
	(1478,79687,13755,113235,'N',NULL,0,NULL),
	(1479,129556,79843,13791,'N',NULL,0,NULL),
	(1480,29839,79844,63328,'N',NULL,0,NULL),
	(1481,96449,96614,NULL,'N',NULL,0,NULL),
	(1482,113042,13756,63328,'N',NULL,0,NULL),
	(1483,46625,79845,63328,'N',NULL,0,NULL),
	(1484,29840,113214,63328,'N',NULL,0,NULL),
	(1487,29841,96615,NULL,'K',253,0,NULL),
	(1488,13601,NULL,NULL,'K',254,0,NULL),
	(1489,129557,46810,NULL,'K',255,0,NULL),
	(1490,96450,129737,113259,'N',NULL,0,NULL),
	(1491,63127,46811,113259,'N',NULL,0,NULL),
	(1492,63128,13757,113259,'N',NULL,1,1493),
	(1493,129558,113215,113259,'N',NULL,1,NULL),
	(1494,29842,63309,113259,'N',NULL,1,1495),
	(1495,129559,29996,113259,'N',NULL,1,NULL),
	(1496,79689,13640,113257,'N',NULL,0,NULL),
	(1497,113043,46812,113257,'N',NULL,0,NULL),
	(1498,63129,79847,113257,'N',NULL,0,NULL),
	(1499,113044,13758,113235,'N',NULL,0,NULL),
	(1500,29843,79848,113235,'N',NULL,0,NULL),
	(1502,79690,129738,NULL,'K',256,0,NULL),
	(1503,113045,NULL,NULL,'K',257,0,NULL),
	(1504,46621,63306,NULL,'K',258,0,NULL),
	(1505,13597,13751,NULL,'D',NULL,0,NULL),
	(1506,46626,46813,NULL,'V',NULL,0,NULL),
	(1507,113046,79849,113235,'N',NULL,0,NULL),
	(1508,129560,113216,NULL,'N',NULL,0,NULL),
	(1509,129561,46814,NULL,'V',NULL,0,NULL),
	(1510,46627,63310,NULL,'N',NULL,0,NULL),
	(1511,113047,113217,113235,'N',NULL,0,NULL),
	(1512,13603,46815,113235,'N',NULL,0,NULL),
	(1513,113048,96616,NULL,'A',NULL,1,1514),
	(1514,63130,63311,NULL,'A',NULL,1,NULL),
	(1516,79691,13760,113252,'N',NULL,1,1517),
	(1517,113050,13761,113252,'N',NULL,1,NULL),
	(1518,29844,63312,63327,'N',NULL,1,1519),
	(1519,46628,129740,63327,'N',NULL,1,NULL),
	(1520,129562,13760,96659,'N',NULL,1,1521),
	(1521,79693,129741,96659,'N',NULL,1,NULL),
	(1522,113051,29997,30038,'N',NULL,1,1523),
	(1523,129563,113218,30038,'N',NULL,1,NULL),
	(1524,129564,29997,46848,'N',NULL,1,1525),
	(1525,96451,113218,46848,'N',NULL,1,NULL),
	(1526,46629,63313,113235,'N',NULL,0,NULL),
	(1527,129565,29998,113235,'N',NULL,0,NULL),
	(1528,29845,13762,113235,'N',NULL,0,NULL),
	(1529,96452,13763,129782,'N',NULL,0,NULL),
	(1530,29846,113219,NULL,'K',259,0,NULL),
	(1531,46630,79850,NULL,'V',NULL,0,NULL),
	(1534,113052,113220,NULL,'K',260,0,NULL),
	(1535,129566,29999,NULL,'N',NULL,0,NULL),
	(1536,113053,13764,NULL,'N',NULL,0,NULL),
	(1537,113054,129742,NULL,'K',251,0,NULL),
	(1538,46631,113221,NULL,'A',NULL,0,NULL),
	(1539,13604,NULL,NULL,'K',261,0,NULL),
	(1542,113055,129744,NULL,'A',NULL,0,NULL),
	(1543,13605,63315,NULL,'A',NULL,0,NULL),
	(1544,29849,46818,113235,'N',NULL,0,NULL),
	(1545,63132,63316,NULL,'A',NULL,0,NULL),
	(1546,113056,30001,NULL,'V',NULL,0,NULL),
	(1547,96453,129745,NULL,'V',NULL,0,NULL),
	(1548,113057,13765,NULL,'A',NULL,0,NULL),
	(1549,46632,NULL,NULL,'K',262,0,NULL),
	(1550,79695,96619,NULL,'K',251,0,NULL),
	(1551,129567,113222,113235,'N',NULL,1,1552),
	(1552,46633,30002,113235,'N',NULL,1,NULL),
	(1553,129568,NULL,NULL,'K',263,0,NULL),
	(1554,63133,30003,79881,'N',NULL,1,1555),
	(1555,63134,96620,79881,'N',NULL,1,NULL),
	(1556,79696,46803,63334,'N',NULL,0,NULL),
	(1557,79697,113223,63334,'N',NULL,1,1558),
	(1558,46634,46819,63334,'N',NULL,1,NULL),
	(1559,63135,NULL,NULL,'K',264,0,NULL),
	(1562,79698,30004,NULL,'N',NULL,0,NULL),
	(1563,129569,13768,NULL,'V',NULL,0,NULL),
	(1564,129570,79851,NULL,'A',NULL,0,NULL),
	(1565,129571,79852,NULL,'N',NULL,0,NULL),
	(1566,46635,30005,63332,'N',NULL,0,NULL),
	(1567,96455,79854,63332,'N',NULL,1,1569),
	(1569,63136,79853,63332,'N',NULL,0,NULL),
	(1570,46637,63319,NULL,'N',NULL,0,NULL),
	(1571,63137,30006,NULL,'N',NULL,1,1572),
	(1572,113060,13769,NULL,'N',NULL,1,NULL),
	(1573,63138,63320,63334,'N',NULL,1,1574),
	(1574,63139,30007,63334,'N',NULL,1,NULL),
	(1575,96456,96621,63334,'N',NULL,1,1576),
	(1576,29851,79855,63334,'N',NULL,1,NULL),
	(1577,129576,46822,113235,'N',NULL,1,NULL),
	(1578,113061,46823,113235,'N',NULL,1,1579),
	(1579,79701,129747,113235,'N',NULL,1,NULL),
	(1580,96458,113226,30040,'N',NULL,0,NULL),
	(1582,96459,79856,NULL,'V',NULL,0,NULL),
	(1583,113062,NULL,NULL,'K',266,0,NULL),
	(1584,96460,96622,NULL,'A',NULL,0,NULL),
	(1585,29852,46825,NULL,'A',NULL,0,NULL),
	(1586,96461,63322,113235,'N',NULL,0,NULL),
	(1587,129577,129748,113235,'N',NULL,0,NULL),
	(1588,13608,79857,113235,'N',NULL,0,NULL),
	(1589,13609,129749,113235,'N',NULL,0,NULL),
	(1590,129578,NULL,NULL,'K',267,0,NULL),
	(1591,63140,113227,NULL,'V',NULL,0,NULL),
	(1592,129579,79858,NULL,'A',NULL,0,NULL),
	(1593,29853,46826,NULL,'A',NULL,0,NULL),
	(1594,113063,113228,NULL,'K',268,0,NULL),
	(1596,29854,13770,NULL,'K',269,0,NULL),
	(1597,63141,129750,NULL,'A',NULL,0,NULL),
	(1599,63142,13771,13786,'N',NULL,0,NULL),
	(1600,13610,46827,13786,'N',NULL,0,NULL),
	(1601,129580,46828,NULL,'A',NULL,0,NULL),
	(1602,79704,13772,63328,'N',NULL,1,1603),
	(1603,63143,129751,63328,'N',NULL,1,NULL),
	(1604,13611,30009,NULL,'K',272,0,NULL),
	(1605,79705,79859,NULL,'K',272,0,NULL),
	(1606,113064,113229,129779,'N',NULL,0,NULL),
	(1607,13612,46829,129782,'N',NULL,0,NULL),
	(1608,63145,13773,113235,'N',NULL,0,NULL),
	(1609,46639,96623,NULL,'K',273,0,NULL),
	(1610,129581,30010,113241,'N',NULL,0,NULL),
	(1611,129582,113230,NULL,'K',137,0,NULL),
	(1612,96463,63323,13786,'N',NULL,0,NULL),
	(1613,79707,96624,113235,'N',NULL,0,NULL),
	(1614,63146,30011,113235,'N',NULL,0,NULL),
	(1615,63147,113231,113235,'N',NULL,0,NULL),
	(1616,46640,96625,113235,'N',NULL,0,NULL),
	(1617,46641,96626,113235,'N',NULL,0,NULL),
	(1618,129583,79860,113235,'N',NULL,1,1619),
	(1619,46642,63324,113235,'N',NULL,1,NULL),
	(1620,79708,113232,63332,'N',NULL,0,NULL),
	(1621,129584,63325,63332,'N',NULL,0,NULL),
	(1622,29856,30012,63332,'N',NULL,0,NULL),
	(1623,129585,63326,NULL,'V',NULL,0,NULL),
	(1624,46643,129753,NULL,'V',NULL,0,NULL),
	(1625,79709,79861,113235,'N',NULL,0,NULL),
	(1626,13613,46830,113240,'N',NULL,1,1627),
	(1627,46644,129754,113240,'N',NULL,1,NULL),
	(1628,63148,30013,113238,'N',NULL,0,NULL),
	(1629,46645,46831,NULL,'K',274,0,NULL),
	(1630,29857,113233,NULL,'V',NULL,0,NULL),
	(1631,29858,46832,NULL,'A',NULL,0,NULL),
	(1632,129586,96627,NULL,'A',NULL,0,NULL),
	(1634,46646,30014,113235,'A',NULL,0,NULL),
	(1635,96465,13774,30026,'N',NULL,0,NULL),
	(1636,113065,13775,129758,'N',NULL,0,NULL),
	(1637,79710,96628,113235,'N',NULL,0,NULL),
	(1638,13614,113234,NULL,'K',275,0,NULL),
	(1639,113066,79862,30042,'N',NULL,0,NULL),
	(1640,113067,96506,63328,'N',NULL,0,NULL),
	(1641,96466,79864,63357,'N',NULL,0,NULL),
	(1642,79711,96629,NULL,'V',NULL,0,NULL),
	(1643,79712,46833,NULL,'K',88,0,NULL),
	(1644,129587,79865,NULL,'K',88,0,NULL),
	(1645,46647,96630,NULL,'K',276,0,NULL),
	(1646,46648,96631,NULL,'V',NULL,0,NULL),
	(1647,46649,96632,NULL,'V',NULL,0,NULL),
	(1648,15930,13760,13796,'N',NULL,1,1649),
	(1649,115348,129741,13796,'N',NULL,1,NULL),
	(1650,115349,15931,NULL,'A',NULL,0,NULL),
	(1651,115351,82044,NULL,'V',NULL,0,NULL),
	(1652,48939,32131,NULL,'K',101,0,NULL),
	(1653,98810,115356,30018,'N',NULL,0,NULL),
	(1654,131925,NULL,NULL,'K',12,0,NULL),
	(1655,32136,48944,30018,'N',NULL,1,1656),
	(1656,115361,48945,30018,'N',NULL,1,NULL),
	(1657,115364,65495,46837,'N',NULL,0,NULL),
	(1658,98817,65495,63336,'N',NULL,0,NULL),
	(1659,65496,98818,30025,'N',NULL,0,NULL),
	(1660,15947,32145,129778,'N',NULL,1,1661),
	(1661,98824,65500,129778,'N',NULL,1,NULL),
	(1662,65501,32145,113241,'N',NULL,1,1663),
	(1663,115370,65500,113241,'N',NULL,1,NULL),
	(1664,82055,115371,13792,'N',NULL,0,NULL),
	(1665,115372,115371,129781,'N',NULL,0,NULL),
	(1666,131936,48953,79874,'N',NULL,0,NULL),
	(1667,98829,82058,113235,'N',NULL,1,1668),
	(1668,29847,32148,113235,'N',NULL,1,1667),
	(1669,65504,65505,NULL,'N',NULL,0,NULL),
	(1670,115381,131939,113235,'N',NULL,0,NULL),
	(1671,82062,15951,113235,'N',NULL,0,NULL),
	(1672,32151,48956,NULL,'A',NULL,0,NULL),
	(1673,82069,131941,15956,'N',NULL,0,NULL),
	(1674,32155,65510,113235,'N',NULL,0,NULL),
	(1675,131942,98839,113235,'A',NULL,0,NULL),
	(1676,131943,48964,30040,'N',NULL,0,NULL),
	(1677,82075,65523,79874,'A',NULL,0,NULL),
	(1678,32167,115400,129778,'N',NULL,0,NULL),
	(1679,115393,98847,113235,'N',NULL,0,NULL),
	(1680,98848,131953,113257,'N',NULL,0,NULL),
	(1681,48970,NULL,NULL,'K',277,0,NULL),
	(1682,98867,48976,113235,'N',NULL,0,NULL),
	(1683,15988,115418,NULL,'K',278,0,NULL),
	(1684,65552,115420,113241,'N',NULL,1,1685),
	(1685,65551,15991,113241,'N',NULL,1,NULL),
	(1686,98878,131980,NULL,'N',NULL,0,NULL),
	(1687,115423,98880,NULL,'N',NULL,0,NULL),
	(1688,98882,63257,48991,'N',NULL,0,NULL),
	(1689,32184,63305,63328,'N',NULL,0,NULL),
	(1690,131983,48992,NULL,'N',NULL,0,NULL),
	(1691,131984,48993,129778,'N',NULL,1,1692),
	(1692,65555,115427,129778,'N',NULL,0,NULL),
	(1693,32185,79864,115433,'N',NULL,0,NULL),
	(1694,98884,98885,NULL,'K',279,0,NULL),
	(1695,131991,65561,NULL,'A',NULL,0,NULL),
	(1696,115431,65562,15999,'N',NULL,0,NULL),
	(1697,115434,32195,30018,'N',NULL,0,NULL),
	(1698,98888,82108,30018,'N',NULL,1,1699),
	(1699,82109,98889,30018,'N',NULL,0,NULL),
	(1700,16003,98890,30018,'N',NULL,0,NULL),
	(1701,98891,49001,30018,'N',NULL,1,1702),
	(1702,131993,49002,30018,'N',NULL,0,NULL),
	(1703,131994,32195,129776,'N',NULL,0,NULL),
	(1704,16004,82108,129776,'N',NULL,1,1705),
	(1705,65565,98889,129776,'N',NULL,0,NULL),
	(1706,49003,98890,30018,'N',NULL,0,NULL),
	(1707,98892,49001,129776,'N',NULL,1,1708),
	(1708,16005,49002,129776,'N',NULL,0,NULL),
	(1709,98896,82112,NULL,'N',NULL,0,NULL),
	(1710,49005,30003,63334,'N',NULL,1,1711),
	(1711,32198,96620,63334,'N',NULL,1,NULL),
	(1712,16009,65577,113235,'N',NULL,0,NULL),
	(1713,32199,132001,113235,'N',NULL,1,1714),
	(1714,49008,65578,113235,'N',NULL,0,NULL),
	(1715,98901,98902,132002,'N',NULL,0,NULL),
	(1716,32201,98902,32200,'N',NULL,0,NULL),
	(1717,49010,98903,30042,'N',NULL,0,NULL),
	(1718,49011,65581,113259,'N',NULL,0,NULL),
	(1720,32203,98908,129778,'N',NULL,1,1721),
	(1721,115446,132008,129778,'N',NULL,1,NULL),
	(1722,49016,98909,113235,'N',NULL,1,1723),
	(1723,49017,132009,113235,'N',NULL,1,NULL),
	(1724,132010,115447,13784,'N',NULL,1,1725),
	(1725,16015,132011,13784,'N',NULL,0,NULL),
	(1726,132012,82118,96638,'N',NULL,1,1727),
	(1727,13490,46686,96638,'N',NULL,0,NULL),
	(1728,82119,16016,30018,'N',NULL,1,1729),
	(1729,82120,98910,30018,'N',NULL,1,NULL),
	(1730,16018,82121,13786,'N',NULL,0,NULL),
	(1731,98912,115448,13786,'N',NULL,1,1732),
	(1732,32204,65586,13786,'N',NULL,0,NULL),
	(1733,82123,98915,NULL,'N',NULL,0,NULL),
	(1734,49019,115452,113235,'N',NULL,1,1577),
	(1735,32205,132013,NULL,'V',NULL,0,NULL),
	(1736,98917,NULL,NULL,'K',280,0,NULL),
	(1737,98918,13652,113252,'N',NULL,0,NULL),
	(1738,65591,65592,113252,'N',NULL,1,1739),
	(1739,65593,96620,113252,'N',NULL,1,NULL),
	(1740,132015,13652,96659,'N',NULL,0,NULL),
	(1741,132016,65592,96659,'N',NULL,1,1742),
	(1742,115453,96620,96659,'N',NULL,1,NULL),
	(1743,132017,13652,30038,'N',NULL,0,NULL),
	(1744,16024,30003,30038,'N',NULL,1,1745),
	(1745,82124,96620,30038,'N',NULL,1,NULL),
	(1746,65594,13652,46848,'N',NULL,0,NULL),
	(1747,16025,30003,46848,'N',NULL,1,1748),
	(1748,115454,96620,46848,'N',NULL,1,NULL),
	(1749,115457,13652,13796,'N',NULL,0,NULL),
	(1750,132018,30003,13796,'N',NULL,1,1751),
	(1751,65596,16026,13796,'N',NULL,1,NULL),
	(1752,16027,13652,96656,'N',NULL,0,NULL),
	(1753,32208,30003,96656,'N',NULL,1,1754),
	(1754,32209,96620,96656,'N',NULL,1,NULL),
	(1755,132021,132022,32214,'N',NULL,0,NULL),
	(1756,82126,32235,63328,'N',NULL,0,NULL),
	(1757,49021,82127,NULL,'N',NULL,0,NULL),
	(1758,82128,16030,NULL,'K',112,0,NULL),
	(1759,49023,132026,NULL,'K',112,0,NULL),
	(1760,115464,32216,NULL,'N',NULL,0,NULL),
	(1761,49027,82132,NULL,'A',NULL,1,1762),
	(1762,98921,49028,NULL,'A',NULL,1,NULL),
	(1763,98922,115465,30026,'N',NULL,0,NULL),
	(1764,115466,65602,NULL,'A',NULL,1,1765),
	(1765,16032,32218,NULL,'A',NULL,1,NULL),
	(1766,82133,16033,30026,'N',NULL,0,NULL),
	(1767,49038,82141,NULL,'K',281,0,NULL),
	(1768,49050,NULL,NULL,'K',282,0,NULL),
	(1769,115486,132049,NULL,'K',283,0,NULL),
	(1770,32241,16054,NULL,'K',284,0,NULL),
	(1771,82150,82151,NULL,'K',285,0,NULL),
	(1772,16055,65620,NULL,'K',286,0,NULL),
	(1773,115487,16056,NULL,'K',287,0,NULL),
	(1774,82152,16057,NULL,'K',302,0,NULL),
	(1775,132050,115488,NULL,'K',288,0,NULL),
	(1776,49051,82153,NULL,'K',289,0,NULL),
	(1777,82154,115489,NULL,'K',290,0,NULL),
	(1778,49052,98947,NULL,'K',291,0,NULL),
	(1779,65621,49053,NULL,'K',292,0,NULL),
	(1780,98948,49054,NULL,'K',293,0,NULL),
	(1781,49124,132118,NULL,'K',294,0,NULL),
	(1782,65622,32242,NULL,'K',295,0,NULL),
	(1783,49055,49056,NULL,'K',296,0,NULL),
	(1784,65623,115491,NULL,'K',297,0,NULL),
	(1785,49057,98949,NULL,'K',298,0,NULL),
	(1786,98950,132052,NULL,'K',299,0,NULL),
	(1787,98951,16058,NULL,'K',300,0,NULL),
	(1788,132053,16059,NULL,'K',301,0,NULL),
	(1789,98952,65624,113235,'N',NULL,0,NULL),
	(1790,32244,115493,113241,'N',NULL,0,NULL),
	(1791,132063,82158,113235,'N',NULL,0,NULL),
	(1792,98958,115494,113235,'N',NULL,0,NULL),
	(1793,132056,115495,113235,'N',NULL,0,NULL),
	(1794,65626,16060,113235,'N',NULL,0,NULL),
	(1795,115496,115497,113235,'N',NULL,0,NULL),
	(1796,132057,65627,113235,'N',NULL,0,NULL),
	(1797,132058,99019,113235,'N',NULL,0,NULL),
	(1798,82191,49062,129780,'N',NULL,0,NULL),
	(1799,65659,49063,129780,'N',NULL,0,NULL),
	(1800,115543,49064,129780,'N',NULL,0,NULL),
	(1801,16092,32247,129780,'N',NULL,0,NULL),
	(1802,132059,98960,113235,'N',NULL,0,NULL),
	(1803,98961,82160,113235,'N',NULL,0,NULL),
	(1804,49065,49066,113235,'N',NULL,0,NULL),
	(1805,115498,49067,113235,'N',NULL,0,NULL),
	(1806,32253,32250,113235,'N',NULL,0,NULL),
	(1807,49068,115500,NULL,'N',NULL,0,NULL),
	(1808,16061,32251,NULL,'A',NULL,1,1809),
	(1809,115501,16062,NULL,'A',NULL,1,NULL),
	(1810,132060,115502,113235,'N',NULL,0,NULL),
	(1811,115503,98962,113235,'N',NULL,0,NULL),
	(1812,115504,132061,113259,'N',NULL,0,NULL),
	(1813,98963,132062,113241,'N',NULL,0,NULL),
	(1814,115505,32252,113235,'N',NULL,0,NULL),
	(1815,16064,65629,30026,'N',NULL,0,NULL),
	(1816,65630,98964,30026,'N',NULL,0,NULL),
	(1817,132064,16065,113235,'N',NULL,0,NULL),
	(1818,82161,132065,113235,'N',NULL,0,NULL),
	(1819,32254,115506,113235,'N',NULL,0,NULL),
	(1820,115508,16067,113235,'N',NULL,0,NULL),
	(1821,16068,115509,NULL,'N',NULL,0,NULL),
	(1822,32259,16072,63328,'N',NULL,1,1823),
	(1823,49072,98966,63328,'N',NULL,0,NULL),
	(1824,49073,98967,65634,'N',NULL,1,1825),
	(1825,49074,16073,65634,'N',NULL,0,NULL),
	(1826,115513,32261,113235,'N',NULL,0,NULL),
	(1827,49077,82166,63327,'N',NULL,0,NULL),
	(1828,65635,16074,NULL,'A',NULL,0,NULL),
	(1829,82181,65651,113235,'N',NULL,0,NULL),
	(1830,49258,82339,113235,'N',NULL,0,NULL),
	(1831,65652,82183,63334,'N',NULL,0,NULL),
	(1832,49099,98985,113235,'N',NULL,0,NULL),
	(1833,65653,82184,113235,'N',NULL,0,NULL),
	(1834,115529,115530,113235,'N',NULL,0,NULL),
	(1835,65654,32275,113235,'N',NULL,0,NULL),
	(1836,115531,98987,113235,'N',NULL,0,NULL),
	(1837,115532,49102,113235,'N',NULL,0,NULL),
	(1838,132086,49103,113235,'N',NULL,0,NULL),
	(1839,115533,16086,113235,'N',NULL,0,NULL),
	(1840,98988,115534,113235,'N',NULL,0,NULL),
	(1841,99061,132176,113259,'N',NULL,0,NULL),
	(1842,16088,32278,113235,'N',NULL,0,NULL),
	(1843,98989,132087,113235,'N',NULL,0,NULL),
	(1844,16089,49104,113235,'N',NULL,0,NULL),
	(1845,132088,132089,113241,'N',NULL,0,NULL),
	(1846,65655,49105,113235,'N',NULL,0,NULL),
	(1847,132090,98992,113241,'N',NULL,0,NULL),
	(1848,65656,49106,113241,'N',NULL,0,NULL),
	(1849,32279,16090,129780,'N',NULL,0,NULL),
	(1850,132091,115536,113235,'N',NULL,0,NULL),
	(1851,82186,132092,113235,'N',NULL,0,NULL),
	(1852,132093,16091,129780,'N',NULL,0,NULL),
	(1853,98996,65658,113235,'N',NULL,0,NULL),
	(1854,115539,98997,NULL,'N',NULL,0,NULL),
	(1855,132101,49113,NULL,'V',NULL,0,NULL),
	(1856,132105,65677,16094,'N',NULL,0,NULL),
	(1857,82196,115544,NULL,'K',303,0,NULL),
	(1858,132107,115545,NULL,'V',NULL,0,NULL),
	(1859,16095,65660,NULL,'V',NULL,0,NULL),
	(1860,82198,99004,NULL,'K',304,0,NULL),
	(1861,99005,132108,129778,'N',NULL,0,NULL),
	(1862,32283,65661,NULL,'K',305,0,NULL),
	(1863,65663,NULL,NULL,'K',306,0,NULL),
	(1864,99007,115548,63334,'N',NULL,1,1865),
	(1865,16098,82200,63334,'N',NULL,1,NULL),
	(1866,82201,82202,NULL,'K',112,0,NULL),
	(1867,82203,82204,63327,'N',NULL,0,NULL),
	(1868,16099,82206,NULL,'K',307,0,NULL),
	(1869,132376,65914,63334,'N',NULL,1,1870),
	(1870,132110,65664,63334,'N',NULL,1,NULL),
	(1871,49163,99009,30018,'N',NULL,1,1872),
	(1872,65666,49117,NULL,'N',NULL,0,NULL),
	(1873,16134,132121,30018,'N',NULL,1,NULL),
	(1874,132111,65667,132112,'N',NULL,0,NULL),
	(1875,82208,115553,NULL,'K',308,0,NULL),
	(1876,132113,65667,49118,'N',NULL,0,NULL),
	(1877,32287,82218,63327,'N',NULL,0,NULL),
	(1878,115554,NULL,NULL,'K',309,0,NULL),
	(1879,32288,16100,63327,'N',NULL,0,NULL),
	(1880,82210,16100,79881,'N',NULL,0,NULL),
	(1881,16101,82211,30025,'N',NULL,0,NULL),
	(1882,65668,65669,96644,'N',NULL,0,NULL),
	(1883,132115,99015,129780,'N',NULL,0,NULL),
	(1884,32289,65676,113235,'N',NULL,0,NULL),
	(1885,82212,49119,113235,'N',NULL,0,NULL),
	(1886,82213,115560,113235,'N',NULL,1,1887),
	(1887,49120,132116,113235,'N',NULL,1,NULL),
	(1888,99016,65670,NULL,'K',11,0,NULL),
	(1889,16104,32292,NULL,'K',11,0,NULL),
	(1890,16105,32293,113235,'N',NULL,1,1891),
	(1891,16106,32294,113235,'N',NULL,1,NULL),
	(1892,16108,49121,NULL,'K',310,0,NULL),
	(1893,49122,49123,NULL,'K',310,0,NULL),
	(1894,65675,32299,NULL,'N',NULL,0,NULL),
	(1895,82255,65678,30018,'N',NULL,0,NULL),
	(1896,132167,115561,30018,'N',NULL,0,NULL),
	(1897,49162,82219,30018,'N',NULL,0,NULL),
	(1898,16111,49126,113235,'N',NULL,1,1899),
	(1899,115565,65684,113235,'N',NULL,1,NULL),
	(1900,65681,99021,96644,'N',NULL,0,NULL),
	(1901,65682,16110,113235,'N',NULL,0,NULL),
	(1902,82221,115563,113235,'N',NULL,0,NULL),
	(1903,115564,65683,113235,'N',NULL,0,NULL),
	(1904,82222,32300,113235,'N',NULL,0,NULL),
	(1905,99023,16112,113235,'N',NULL,1,1906),
	(1906,16113,115566,113235,'N',NULL,1,NULL),
	(1907,65685,49126,113238,'N',NULL,1,1908),
	(1908,115567,65684,113238,'N',NULL,1,NULL),
	(1909,115568,16112,113238,'N',NULL,1,1910),
	(1910,99024,115566,113238,'N',NULL,1,NULL),
	(1911,65686,16115,113235,'N',NULL,1,1912),
	(1912,82224,132123,113235,'N',NULL,1,NULL),
	(1913,82225,82226,63334,'N',NULL,0,NULL),
	(1914,65687,132124,30031,'N',NULL,0,NULL),
	(1915,49127,132125,13786,'N',NULL,0,NULL),
	(1916,99026,115569,13786,'N',NULL,0,NULL),
	(1917,49128,82227,113238,'N',NULL,1,1918),
	(1918,115570,16116,113238,'N',NULL,1,NULL),
	(1919,32301,115571,113238,'N',NULL,1,1920),
	(1920,99027,82228,NULL,'N',NULL,1,NULL),
	(1921,49129,82227,113235,'N',NULL,1,1922),
	(1922,32302,16116,113235,'N',NULL,1,NULL),
	(1923,132126,115571,113235,'N',NULL,1,1923),
	(1924,115572,82228,NULL,'N',NULL,1,NULL),
	(1925,115573,82229,46837,'N',NULL,0,NULL),
	(1926,99028,99029,46837,'N',NULL,0,NULL),
	(1927,16117,115574,NULL,'N',NULL,0,NULL),
	(1928,132144,32325,63334,'N',NULL,0,NULL),
	(1929,49130,132127,63334,'N',NULL,1,1930),
	(1930,49131,99033,63334,'N',NULL,1,NULL),
	(1931,132128,115578,32303,'N',NULL,1,1932),
	(1932,99034,65690,32303,'N',NULL,1,NULL),
	(1933,32305,49135,NULL,'A',NULL,0,NULL),
	(1934,82234,32306,113235,'N',NULL,0,NULL),
	(1935,65713,115583,30018,'N',NULL,1,1936),
	(1936,32346,132134,30018,'N',NULL,1,NULL),
	(1937,16119,32309,30026,'N',NULL,1,1938),
	(1938,132135,115584,30026,'N',NULL,1,NULL),
	(1939,115585,99035,30026,'N',NULL,0,NULL),
	(1940,132169,30003,30026,'N',NULL,1,1941),
	(1941,49164,96620,30026,'N',NULL,1,NULL),
	(1942,32310,32311,113235,'N',NULL,1,1943),
	(1943,132136,82238,113235,'N',NULL,1,NULL),
	(1944,32313,49141,NULL,'K',311,0,NULL),
	(1945,32314,65695,NULL,'K',312,0,NULL),
	(1946,32315,32316,NULL,'K',312,0,NULL),
	(1947,82241,32317,NULL,'K',312,0,NULL),
	(1948,49143,49144,NULL,'K',312,0,NULL),
	(1949,65696,99038,NULL,'K',312,0,NULL),
	(1950,115587,49145,NULL,'K',312,0,NULL),
	(1951,99039,99040,NULL,'K',312,0,NULL),
	(1952,65697,49146,NULL,'K',312,0,NULL),
	(1953,32318,65698,NULL,'K',312,0,NULL),
	(1954,49147,115588,NULL,'K',312,0,NULL),
	(1955,82242,115589,NULL,'K',312,0,NULL),
	(1956,49148,32319,NULL,'K',312,0,NULL),
	(1957,82243,82244,NULL,'K',312,0,NULL),
	(1958,115590,115591,NULL,'K',312,0,NULL),
	(1959,132138,82245,NULL,'K',312,0,NULL),
	(1960,132139,82246,NULL,'K',312,0,NULL),
	(1961,49149,32320,NULL,'K',312,0,NULL),
	(1962,49150,49151,NULL,'K',312,0,NULL),
	(1963,132142,82248,113235,'N',NULL,0,NULL),
	(1964,32323,30003,129758,'N',NULL,1,1965),
	(1965,32324,115593,129758,'N',NULL,1,NULL),
	(1966,132143,32325,129758,'N',NULL,0,NULL),
	(1967,99043,99044,113235,'N',NULL,1,1967),
	(1968,65702,16122,113235,'N',NULL,1,NULL),
	(1969,115594,16124,NULL,'K',313,0,NULL),
	(1970,65703,132146,113235,'N',NULL,0,NULL),
	(1971,65704,32326,113235,'N',NULL,0,NULL),
	(1972,65705,132148,113235,'N',NULL,0,NULL),
	(1973,82250,16125,113235,'N',NULL,0,NULL),
	(1974,132151,16126,NULL,'K',314,0,NULL),
	(1975,65706,49153,NULL,'N',NULL,0,NULL),
	(1976,132152,32328,NULL,'N',NULL,0,NULL),
	(1977,16127,132153,113241,'N',NULL,0,NULL),
	(1978,115596,65708,113235,'N',NULL,0,NULL),
	(1979,99048,32335,113235,'N',NULL,0,NULL),
	(1980,32336,132155,32303,'N',NULL,0,NULL),
	(1981,32337,99049,132156,'N',NULL,0,NULL),
	(1982,132157,132158,132156,'N',NULL,0,NULL),
	(1983,132159,82253,113235,'N',NULL,0,NULL),
	(1984,49157,99050,113235,'N',NULL,0,NULL),
	(1985,65710,32338,113235,'N',NULL,0,NULL),
	(1986,16129,132160,113235,'N',NULL,0,NULL),
	(1987,132161,115597,NULL,'N',NULL,0,NULL),
	(1988,49158,49159,96655,'N',NULL,1,1989),
	(1989,16130,32339,96655,'N',NULL,1,NULL),
	(1990,132162,65711,113235,'N',NULL,0,NULL),
	(1991,132163,132164,96655,'N',NULL,0,NULL),
	(1992,65712,132165,113241,'N',NULL,0,NULL),
	(1993,132166,16131,113235,'N',NULL,0,NULL),
	(1994,82267,49181,NULL,'K',315,0,NULL),
	(1995,115599,32340,NULL,'K',312,0,NULL),
	(1996,65715,115603,63328,'N',NULL,0,NULL),
	(1997,99051,115604,30038,'N',NULL,0,NULL),
	(1998,65716,49165,113235,'N',NULL,0,NULL),
	(1999,65717,32342,NULL,'K',312,0,NULL),
	(2000,115605,65718,113235,'N',NULL,1,2001),
	(2001,99052,82257,113235,'N',NULL,1,NULL),
	(2002,16136,82258,63327,'N',NULL,0,NULL),
	(2003,82260,132172,NULL,'K',316,0,NULL),
	(2004,65719,65720,129758,'N',NULL,0,NULL),
	(2005,132173,115607,NULL,'K',312,0,NULL),
	(2006,16137,NULL,NULL,'K',317,0,NULL),
	(2007,99055,49168,NULL,'K',312,0,NULL),
	(2008,82261,132174,NULL,'K',312,0,NULL),
	(2009,16138,16139,NULL,'K',312,0,NULL),
	(2010,99056,82262,NULL,'K',312,0,NULL),
	(2011,99057,49169,NULL,'K',312,0,NULL),
	(2012,16140,16141,NULL,'N',NULL,0,NULL),
	(2013,115610,49170,99058,'N',NULL,1,2014),
	(2014,132175,65721,99058,'N',NULL,1,NULL),
	(2015,49171,49172,46837,'N',NULL,0,NULL),
	(2016,115611,99060,NULL,'K',312,0,NULL),
	(2017,82266,49178,NULL,'K',318,0,NULL),
	(2018,65722,65723,113235,'N',NULL,0,NULL),
	(2019,32347,65724,NULL,'N',NULL,0,NULL),
	(2020,16142,99062,129778,'N',NULL,0,NULL),
	(2021,49179,99063,46837,'N',NULL,0,NULL),
	(2023,99064,132177,NULL,'N',NULL,0,NULL),
	(2024,115613,65725,113235,'N',NULL,1,2025),
	(2025,115614,132178,113235,'N',NULL,1,NULL),
	(2026,32349,32350,113235,'N',NULL,0,NULL),
	(2027,49183,49184,113235,'N',NULL,1,2028),
	(2028,99067,132181,113235,'N',NULL,1,NULL),
	(2029,32355,132182,46837,'N',NULL,1,2030),
	(2030,132183,49187,46837,'N',NULL,1,NULL),
	(2031,99069,115616,46837,'N',NULL,1,2032),
	(2032,99070,32356,46837,'N',NULL,1,NULL),
	(2033,132192,16150,46837,'N',NULL,1,2034),
	(2034,132193,32361,46837,'N',NULL,1,NULL),
	(2035,132194,32362,46837,'N',NULL,1,2036),
	(2036,32363,115621,46837,'N',NULL,1,NULL),
	(2037,49189,65732,NULL,'A',NULL,0,NULL),
	(2038,49190,82269,NULL,'A',NULL,1,2039),
	(2039,132187,132188,NULL,'A',NULL,1,NULL),
	(2040,115618,16146,113241,'N',NULL,1,2041),
	(2041,49192,32358,113241,'N',NULL,1,NULL),
	(2042,115619,115620,NULL,'N',NULL,1,2043),
	(2043,16147,16148,113241,'N',NULL,1,NULL),
	(2044,132191,99072,46837,'N',NULL,1,2045),
	(2045,32359,32360,46837,'N',NULL,1,NULL),
	(2046,49195,132195,99058,'N',NULL,0,NULL),
	(2047,16151,115622,30025,'N',NULL,0,NULL),
	(2048,65734,132197,113241,'N',NULL,0,NULL),
	(2049,115623,32365,30025,'N',NULL,1,2050),
	(2050,49196,99073,30025,'N',NULL,1,NULL),
	(2051,115624,132198,63334,'N',NULL,1,2052),
	(2052,99074,32366,63334,'N',NULL,1,NULL),
	(2053,32367,16152,30025,'N',NULL,0,NULL),
	(2054,16153,115625,30025,'A',NULL,1,2055),
	(2055,99075,115626,30025,'N',NULL,1,NULL),
	(2056,16154,65735,113241,'N',NULL,0,NULL),
	(2057,65736,115628,NULL,'K',112,0,NULL),
	(2058,115629,82272,NULL,'N',NULL,0,NULL),
	(2059,99077,99078,NULL,'K',319,0,NULL),
	(2060,115631,99079,NULL,'K',112,0,NULL),
	(2061,132200,16156,113235,'N',NULL,0,NULL),
	(2062,99083,32369,NULL,'K',112,0,NULL),
	(2063,49198,99084,NULL,'K',112,0,NULL),
	(2064,16157,82277,NULL,'N',NULL,0,NULL),
	(2065,82278,129728,63328,'N',NULL,0,NULL),
	(2066,82279,129736,113257,'N',NULL,0,NULL),
	(2067,49201,99085,NULL,'K',320,0,NULL),
	(2068,32372,132202,NULL,'N',NULL,0,NULL),
	(2069,32373,32374,NULL,'N',NULL,0,NULL),
	(2070,82283,32378,NULL,'K',321,0,NULL),
	(2071,132209,16164,113235,'N',NULL,1,2072),
	(2072,99089,32382,113235,'N',NULL,1,NULL),
	(2073,99090,99091,113241,'N',NULL,1,NULL),
	(2074,99092,115640,113241,'N',NULL,1,NULL),
	(2075,82287,NULL,NULL,'K',322,0,NULL),
	(2076,99095,32384,NULL,'K',112,0,NULL),
	(2077,82288,132210,NULL,'K',112,0,NULL),
	(2078,32385,49207,NULL,'K',312,0,NULL),
	(2079,49208,82289,NULL,'K',112,0,NULL),
	(2080,65746,32390,79874,'N',NULL,0,NULL),
	(2081,32389,132211,79874,'N',NULL,0,NULL),
	(2082,32391,65745,79874,'N',NULL,0,NULL),
	(2083,82290,132212,30026,'N',NULL,0,NULL),
	(2084,115642,132213,NULL,'V',NULL,0,NULL),
	(2085,82291,132214,63328,'N',NULL,0,NULL),
	(2086,82292,32392,63328,'N',NULL,0,NULL),
	(2087,65748,49211,63328,'N',NULL,0,NULL),
	(2088,16165,82293,63328,'N',NULL,0,NULL),
	(2089,16166,115643,63328,'N',NULL,0,NULL),
	(2090,115645,99100,63328,'N',NULL,0,NULL),
	(2091,82294,32395,113240,'N',NULL,0,NULL),
	(2092,32396,99099,113240,'N',NULL,0,NULL),
	(2093,82295,49212,63328,'N',NULL,0,NULL),
	(2094,32397,65749,63328,'N',NULL,0,NULL),
	(2095,16167,65750,63328,'N',NULL,0,NULL),
	(2096,132215,132216,NULL,'K',312,0,NULL),
	(2097,49213,115646,NULL,'K',312,0,NULL),
	(2098,32398,32399,NULL,'K',312,0,NULL),
	(2099,65751,49214,113257,'N',NULL,0,NULL),
	(2100,132217,16168,NULL,'K',312,0,NULL),
	(2101,82296,16169,79874,'N',NULL,0,NULL),
	(2102,115647,49215,NULL,'K',312,0,NULL),
	(2103,16174,16175,NULL,'K',323,0,NULL),
	(2104,65756,65757,NULL,'K',312,0,NULL),
	(2105,32402,132218,NULL,'K',312,0,NULL),
	(2106,82300,82301,NULL,'K',312,0,NULL),
	(2107,132219,32403,NULL,'K',312,0,NULL),
	(2108,32404,132220,NULL,'K',312,0,NULL),
	(2109,16177,132221,NULL,'K',323,0,NULL),
	(2110,65784,32445,NULL,'K',323,0,NULL),
	(2111,32406,32407,129778,'N',NULL,0,NULL),
	(2112,99104,32407,13791,'N',NULL,0,NULL),
	(2113,132222,16178,129778,'N',NULL,0,NULL),
	(2114,82302,16178,13791,'N',NULL,0,NULL),
	(2115,32408,32409,129778,'N',NULL,0,NULL),
	(2116,82303,32409,13791,'N',NULL,0,NULL),
	(2117,132223,99105,NULL,'K',323,0,NULL),
	(2118,32410,65758,NULL,'K',323,0,NULL),
	(2119,115650,32411,NULL,'K',323,0,NULL),
	(2120,16179,32412,NULL,'K',266,0,NULL),
	(2121,99106,82304,32413,'N',NULL,0,NULL),
	(2122,115651,32414,NULL,'K',323,0,NULL),
	(2123,32415,132224,NULL,'K',323,0,NULL),
	(2125,132242,132243,NULL,'N',NULL,0,NULL),
	(2126,115662,NULL,NULL,'K',324,0,NULL),
	(2127,99122,82323,113235,'N',NULL,0,NULL),
	(2128,132248,65773,113235,'N',NULL,0,NULL),
	(2129,32447,NULL,NULL,'K',325,0,NULL),
	(2130,115683,NULL,NULL,'K',326,0,NULL),
	(2131,115685,NULL,NULL,'K',327,0,NULL),
	(2132,65791,NULL,NULL,'K',328,0,NULL),
	(2133,132257,NULL,NULL,'K',330,0,NULL),
	(2134,16252,NULL,NULL,'K',329,0,NULL),
	(2135,32451,NULL,NULL,'K',323,0,NULL),
	(2136,99139,NULL,NULL,'K',11,0,NULL),
	(2137,32452,NULL,NULL,'K',11,0,NULL),
	(2138,16224,65667,49118,'N',NULL,1,2139),
	(2139,65798,132260,49118,'N',NULL,0,NULL),
	(2140,16225,32453,NULL,'K',323,0,NULL),
	(2141,32454,49257,NULL,'K',11,0,NULL),
	(2142,99140,115686,NULL,'K',323,0,NULL),
	(2143,32455,115687,NULL,'K',323,0,NULL),
	(2144,16226,65799,NULL,'K',323,0,NULL),
	(2145,132262,32456,113235,'N',NULL,0,NULL),
	(2146,65801,82340,113235,'N',NULL,0,NULL),
	(2147,115689,16228,NULL,'N',NULL,0,NULL),
	(2148,32457,32458,NULL,'K',312,0,NULL),
	(2149,49259,132263,NULL,'K',312,0,NULL),
	(2150,82341,99142,NULL,'K',312,0,NULL),
	(2151,132264,132265,NULL,'K',312,0,NULL),
	(2153,82358,99148,13786,'N',NULL,1,2154),
	(2154,49271,32469,13786,'N',NULL,1,NULL),
	(2155,99149,99148,129758,'N',NULL,1,2155),
	(2156,16242,32469,129758,'N',NULL,1,NULL),
	(2157,16255,82373,NULL,'N',NULL,0,NULL),
	(2158,49285,82374,NULL,'N',NULL,0,NULL),
	(2159,132290,99159,NULL,'N',NULL,0,NULL),
	(2160,132289,82372,NULL,'N',NULL,0,NULL),
	(2161,32491,NULL,NULL,'K',331,0,NULL),
	(2162,16268,32500,63328,'N',NULL,0,NULL),
	(2163,132308,115731,NULL,'N',NULL,0,NULL),
	(2164,99176,115732,129778,'N',NULL,1,2165),
	(2165,99177,115733,129778,'N',NULL,1,NULL),
	(2166,132309,115734,63327,'N',NULL,0,NULL),
	(2167,16277,129716,96638,'N',NULL,1,2168),
	(2168,132310,96593,96638,'N',NULL,1,NULL),
	(2169,82391,82392,63334,'N',NULL,1,2169),
	(2170,132311,132312,63334,'N',NULL,1,NULL),
	(2171,32507,32508,63334,'N',NULL,1,2172),
	(2172,49305,16278,63334,'N',NULL,1,NULL),
	(2173,99178,16279,113259,'N',NULL,1,2174),
	(2174,32509,132313,113259,'N',NULL,1,NULL),
	(2176,16329,NULL,NULL,'K',332,0,NULL),
	(2177,132356,99225,NULL,'K',101,0,NULL),
	(2178,65895,115782,NULL,'K',101,0,NULL),
	(2179,115783,99224,NULL,'K',101,0,NULL),
	(2180,115797,115798,NULL,'N',NULL,0,NULL),
	(2181,32572,NULL,NULL,'K',256,0,NULL),
	(2182,49365,49366,NULL,'K',256,0,NULL),
	(2183,82448,32573,13786,'N',NULL,0,NULL),
	(2184,132365,82449,30037,'N',NULL,1,2184),
	(2185,82450,82451,30037,'N',NULL,1,NULL),
	(2186,115801,115802,96644,'N',NULL,0,NULL),
	(2187,32576,16347,NULL,'K',234,0,NULL),
	(2188,16351,16352,NULL,'N',NULL,0,NULL),
	(2189,32579,132367,NULL,'N',NULL,0,NULL),
	(2190,82453,99236,NULL,'N',NULL,0,NULL),
	(2191,32580,132368,46837,'N',NULL,1,2192),
	(2192,115804,49370,46837,'N',NULL,1,NULL),
	(2193,65909,82455,82454,'N',NULL,1,2194),
	(2194,65910,82456,82454,'N',NULL,1,NULL),
	(2195,132370,99237,46837,'N',NULL,0,NULL),
	(2196,115805,132371,46837,'N',NULL,0,NULL),
	(2197,16354,65912,113235,'N',NULL,0,NULL),
	(2198,99238,132372,113235,'N',NULL,0,NULL),
	(2199,99239,49371,113235,'N',NULL,0,NULL),
	(2200,16355,49372,65737,'N',NULL,0,NULL),
	(2201,16356,132373,65737,'N',NULL,0,NULL),
	(2202,82458,16357,113238,'N',NULL,0,NULL),
	(2203,115807,16357,113235,'N',NULL,0,NULL),
	(2204,99240,132375,113235,'N',NULL,0,NULL),
	(2205,115808,49374,30018,'N',NULL,0,NULL),
	(2206,16358,115809,113235,'N',NULL,0,NULL),
	(2207,115810,82459,113238,'N',NULL,0,NULL),
	(2208,32582,82459,113235,'N',NULL,0,NULL),
	(2209,16359,82460,113235,'N',NULL,0,NULL),
	(2210,32583,99242,113238,'N',NULL,0,NULL),
	(2211,65915,99242,113235,'N',NULL,0,NULL),
	(2212,16361,115731,113235,'N',NULL,0,NULL),
	(2215,32584,49375,NULL,'K',112,0,NULL),
	(2216,49377,115814,113235,'N',NULL,0,NULL),
	(2217,49380,132382,113238,'N',NULL,0,NULL),
	(2218,32588,99244,NULL,'K',333,0,NULL),
	(2219,132383,115817,NULL,'K',334,0,NULL),
	(2220,65925,NULL,NULL,'K',335,0,NULL),
	(2221,49383,16375,113235,'N',NULL,1,2222),
	(2222,32592,65927,113235,'N',NULL,1,NULL),
	(2223,49385,115819,49384,'N',NULL,0,NULL),
	(2224,99250,132388,NULL,'K',336,0,NULL),
	(2225,132389,82468,63327,'N',NULL,0,NULL),
	(2226,16377,132390,63327,'N',NULL,0,NULL),
	(2227,99251,115820,113241,'N',NULL,0,NULL),
	(2228,82469,82272,115821,'N',NULL,0,NULL),
	(2229,32594,115822,113235,'N',NULL,0,NULL),
	(2231,16379,99256,NULL,'K',337,0,NULL),
	(2232,16380,115825,129778,'N',NULL,0,NULL),
	(2233,82474,65937,NULL,'K',338,0,NULL),
	(2234,99257,129596,63355,'N',NULL,0,NULL),
	(2235,16383,132394,113235,'N',NULL,0,NULL),
	(2236,65938,82475,NULL,'K',112,0,NULL),
	(2237,99259,115832,NULL,'N',NULL,0,NULL),
	(2238,65940,82476,NULL,'N',NULL,0,NULL),
	(2239,65942,115835,113235,'N',NULL,0,NULL),
	(2240,99261,132396,113235,'N',NULL,0,NULL),
	(2242,132398,16385,113235,'N',NULL,0,NULL),
	(2243,132399,16386,NULL,'N',NULL,0,NULL),
	(2244,32603,115837,113235,'N',NULL,1,2245),
	(2245,49394,82479,113235,'N',NULL,1,NULL),
	(2246,16387,NULL,NULL,'K',339,0,NULL),
	(2247,65945,NULL,NULL,'K',340,0,NULL),
	(2248,49398,NULL,NULL,'K',341,0,NULL),
	(2249,32608,82484,113241,'N',NULL,0,NULL),
	(2250,16389,82485,46837,'N',NULL,0,NULL),
	(2251,99265,49401,113235,'N',NULL,0,NULL),
	(2252,32609,65947,113235,'N',NULL,0,NULL),
	(2253,49402,65948,113235,'N',NULL,1,2253),
	(2254,16390,65949,113235,'N',NULL,1,NULL),
	(2255,65952,49405,16394,'N',NULL,0,NULL),
	(2256,65955,49407,63328,'N',NULL,0,NULL),
	(2257,82488,49406,63328,'N',NULL,0,NULL),
	(2258,49409,16400,96638,'N',NULL,0,NULL),
	(2259,115849,49410,96638,'N',NULL,0,NULL),
	(2260,132415,49411,96638,'N',NULL,0,NULL),
	(2261,132416,82490,96638,'N',NULL,0,NULL),
	(2262,82491,32618,96638,'N',NULL,0,NULL),
	(2263,32619,32620,NULL,'N',NULL,0,NULL),
	(2264,115850,82492,113235,'N',NULL,1,2265),
	(2265,132417,65957,113235,'N',NULL,1,NULL),
	(2266,132418,115851,113235,'N',NULL,1,2267),
	(2267,16402,65958,113235,'N',NULL,1,NULL),
	(2268,16403,115854,113235,'N',NULL,0,NULL),
	(2269,115855,16404,113235,'N',NULL,0,NULL),
	(2270,32621,115856,113235,'N',NULL,0,NULL),
	(2271,132421,132422,113235,'N',NULL,0,NULL),
	(2272,49413,32622,113235,'N',NULL,0,NULL),
	(2273,99277,132423,113235,'N',NULL,1,2274),
	(2274,65959,82494,113235,'N',NULL,1,NULL),
	(2275,16405,49414,113235,'N',NULL,1,2276),
	(2276,65960,82495,113235,'N',NULL,1,NULL),
	(2277,132424,99279,113235,'N',NULL,1,2278),
	(2278,65961,32623,113235,'N',NULL,1,NULL),
	(2279,99283,49416,113235,'N',NULL,1,2280),
	(2280,99284,32625,113235,'N',NULL,1,NULL),
	(2281,49402,65948,113235,'N',NULL,1,2282),
	(2282,16390,65949,113235,'N',NULL,1,NULL),
	(2283,132427,82497,113235,'N',NULL,0,NULL),
	(2284,99280,16407,113235,'N',NULL,0,NULL),
	(2285,65962,132428,113235,'N',NULL,1,2286),
	(2286,82498,49415,113235,'N',NULL,1,NULL),
	(2287,65963,82499,113235,'N',NULL,1,2288),
	(2288,115857,115858,113235,'N',NULL,1,NULL);

/*!40000 ALTER TABLE `TOF_CRITERIA` ENABLE KEYS */;
UNLOCK TABLES;


# Dump of table TOF_DES_TEXTS
# ------------------------------------------------------------

DROP TABLE IF EXISTS `TOF_DES_TEXTS`;

CREATE TABLE `TOF_DES_TEXTS` (
  `TEX_ID` int(11) NOT NULL DEFAULT '0',
  `TEX_TEXT` varchar(1200) DEFAULT 'NULL',
  PRIMARY KEY (`TEX_ID`)
) ENGINE=MyISAM DEFAULT CHARSET=latin1;

LOCK TABLES `TOF_DES_TEXTS` WRITE;
/*!40000 ALTER TABLE `TOF_DES_TEXTS` DISABLE KEYS */;

INSERT INTO `TOF_DES_TEXTS` (`TEX_ID`, `TEX_TEXT`)
VALUES
	(37796,'Marque de conformit');

/*!40000 ALTER TABLE `TOF_DES_TEXTS` ENABLE KEYS */;
UNLOCK TABLES;


# Dump of table TOF_DESIGNATIONS
# ------------------------------------------------------------

DROP TABLE IF EXISTS `TOF_DESIGNATIONS`;

CREATE TABLE `TOF_DESIGNATIONS` (
  `DES_ID` int(11) NOT NULL DEFAULT '0',
  `DES_LNG_ID` smallint(6) NOT NULL DEFAULT '0',
  `DES_TEX_ID` int(11) DEFAULT NULL,
  PRIMARY KEY (`DES_ID`,`DES_LNG_ID`)
) ENGINE=MyISAM DEFAULT CHARSET=latin1;

LOCK TABLES `TOF_DESIGNATIONS` WRITE;
/*!40000 ALTER TABLE `TOF_DESIGNATIONS` DISABLE KEYS */;

INSERT INTO `TOF_DESIGNATIONS` (`DES_ID`, `DES_LNG_ID`, `DES_TEX_ID`)
VALUES
	(14120,6,360641),
	(79538,6,37796);

/*!40000 ALTER TABLE `TOF_DESIGNATIONS` ENABLE KEYS */;
UNLOCK TABLES;


# Dump of table TOF_LANGUAGES
# ------------------------------------------------------------

DROP TABLE IF EXISTS `TOF_LANGUAGES`;

CREATE TABLE `TOF_LANGUAGES` (
  `LNG_ID` smallint(6) NOT NULL DEFAULT '0',
  `LNG_DES_ID` int(11) DEFAULT NULL,
  `LNG_ISO2` varchar(6) DEFAULT 'NULL',
  `LNG_CODEPAGE` varchar(30) DEFAULT 'NULL',
  PRIMARY KEY (`LNG_ID`)
) ENGINE=MyISAM DEFAULT CHARSET=latin1;

LOCK TABLES `TOF_LANGUAGES` WRITE;
/*!40000 ALTER TABLE `TOF_LANGUAGES` DISABLE KEYS */;

INSERT INTO `TOF_LANGUAGES` (`LNG_ID`, `LNG_DES_ID`, `LNG_ISO2`, `LNG_CODEPAGE`)
VALUES
	(6,15671,'fr','1252');

/*!40000 ALTER TABLE `TOF_LANGUAGES` ENABLE KEYS */;
UNLOCK TABLES;


# Dump of table TOF_SUPPLIERS
# ------------------------------------------------------------

DROP TABLE IF EXISTS `TOF_SUPPLIERS`;

CREATE TABLE `TOF_SUPPLIERS` (
  `SUP_ID` smallint(6) NOT NULL DEFAULT '0',
  `SUP_BRAND` varchar(60) DEFAULT 'NULL',
  `SUP_SUPPLIER_NR` smallint(6) DEFAULT NULL,
  `SUP_COU_ID` smallint(6) DEFAULT NULL,
  `SUP_IS_HESS` smallint(6) DEFAULT NULL,
  PRIMARY KEY (`SUP_ID`)
) ENGINE=MyISAM DEFAULT CHARSET=latin1;

LOCK TABLES `TOF_SUPPLIERS` WRITE;
/*!40000 ALTER TABLE `TOF_SUPPLIERS` DISABLE KEYS */;

INSERT INTO `TOF_SUPPLIERS` (`SUP_ID`, `SUP_BRAND`, `SUP_SUPPLIER_NR`, `SUP_COU_ID`, `SUP_IS_HESS`)
VALUES
	(833,'TRW',161,NULL,0);

/*!40000 ALTER TABLE `TOF_SUPPLIERS` ENABLE KEYS */;
UNLOCK TABLES;



/*!40111 SET SQL_NOTES=@OLD_SQL_NOTES */;
/*!40101 SET SQL_MODE=@OLD_SQL_MODE */;
/*!40014 SET FOREIGN_KEY_CHECKS=@OLD_FOREIGN_KEY_CHECKS */;
/*!40101 SET CHARACTER_SET_CLIENT=@OLD_CHARACTER_SET_CLIENT */;
/*!40101 SET CHARACTER_SET_RESULTS=@OLD_CHARACTER_SET_RESULTS */;
/*!40101 SET COLLATION_CONNECTION=@OLD_COLLATION_CONNECTION */;
